ID,Sexo,Edad,Ingresos,PorcGastos,TamFamilia
1,0,19,15000,39,4
2,0,21,35000,81,3
3,1,20,86000,6,1
4,1,23,59000,77,2
5,1,31,38000,40,6
6,1,22,58000,76,2
7,1,35,31000,6,3
8,1,23,84000,94,3
9,0,64,97000,3,3
10,1,30,98000,72,4
11,0,67,7000,14,3
12,1,35,93000,99,4
13,1,58,80000,15,5
14,1,24,91000,77,1
15,0,37,19000,13,1
16,0,22,51000,79,2
17,1,35,29000,35,5
18,0,20,89000,66,6
19,0,52,20000,29,4
20,1,35,62000,98,1
21,0,35,96000,35,1
22,0,25,4000,73,4
23,1,46,42000,5,2
24,0,31,71000,73,2
25,1,54,67000,14,3
26,0,29,52000,82,3
27,1,45,68000,32,8
28,0,35,78000,61,3
29,1,40,18000,31,1
30,1,23,20000,87,4
31,0,60,39000,4,3
32,1,21,34000,73,2
33,0,53,59000,4,3
34,0,18,62000,92,7
35,1,49,91000,14,2
36,1,21,95000,81,4
37,1,42,14000,17,1
38,1,30,62000,73,5
39,1,36,9000,26,2
40,1,20,69000,75,2
41,1,65,25000,35,1
42,0,24,85000,92,2
43,0,48,22000,36,3
44,1,31,33000,61,2
45,1,49,72000,28,1
46,1,24,3000,65,2
47,1,50,52000,55,4
48,1,27,71000,47,1
49,1,29,78000,42,4
50,1,31,25000,42,1
51,1,49,88000,52,2
52,0,33,97000,60,2
53,1,31,74000,54,1
54,0,59,68000,60,2
55,1,50,18000,45,1
56,0,47,95000,41,2
57,1,51,71000,50,4
58,0,69,8000,46,2
59,1,27,57000,51,3
60,0,53,89000,46,6
61,0,70,84000,56,2
62,0,19,50000,55,2
63,1,67,50000,52,3
64,1,54,48000,59,2
65,0,63,63000,51,2
66,0,18,9000,59,2
67,1,43,3000,50,2
68,1,68,82000,48,4
69,0,19,81000,59,4
70,1,32,97000,47,2
71,0,70,91000,55,2
72,1,47,9000,42,2
73,1,60,44000,49,5
74,1,60,10000,56,4
75,0,59,89000,47,4
76,0,26,49000,54,3
77,1,45,67000,53,2
78,0,40,99000,48,3
79,1,23,97000,52,2
80,1,49,98000,42,1
81,0,57,52000,51,4
82,0,38,61000,55,3
83,0,67,120000,41,1
84,1,46,34000,44,4
85,1,21,24000,57,3
86,0,48,31000,46,5
87,1,55,11000,58,3
88,1,22,55000,55,2
89,1,34,76000,60,3
90,1,50,56000,46,2
91,1,68,46000,55,3
92,0,18,36000,41,4
93,0,48,88000,49,2
94,1,40,31000,40,2
95,1,32,24000,42,1
96,0,24,80000,52,1
97,1,47,2000,47,1
98,1,27,67000,50,2
99,0,48,58000,42,2
100,0,20,80000,49,3
101,1,23,65000,41,4
102,1,49,4000,48,7
103,0,67,98000,59,3
104,0,26,52000,55,5
105,0,49,86000,56,2
106,1,21,82000,42,2
107,1,66,43000,50,2
108,0,54,78000,46,1
109,0,68,13000,43,5
110,0,66,13000,48,3
111,0,65,34000,52,4
112,1,19,25000,54,1
113,1,38,71000,42,5
114,0,19,2000,46,1
115,1,18,97000,48,3
116,1,19,51000,50,4
117,1,63,9000,43,1
118,1,49,79000,59,2
119,1,51,84000,43,7
120,1,50,87000,57,2
121,0,27,36000,56,3
122,1,38,50000,40,4
123,1,40,97000,58,4
124,0,39,6000,91,3
125,1,23,12000,29,2
126,1,31,46000,77,2
127,0,43,89000,35,7
128,0,40,4000,95,2
129,0,59,38000,11,2
130,0,38,64000,75,5
131,0,47,66000,9,5
132,0,39,26000,75,2
133,1,25,41000,34,4
134,1,31,45000,71,1
135,0,20,89000,5,2
136,1,29,92000,88,5
137,1,44,76000,7,2
138,0,32,85000,73,4
139,0,19,22000,10,4
140,1,35,15000,72,4
141,1,57,32000,5,2
142,0,32,66000,93,5
143,1,28,62000,40,3
144,1,32,85000,87,2
145,0,25,71000,12,5
146,0,28,26000,97,5
147,0,48,52000,36,2
148,1,32,38000,74,1
149,1,34,51000,22,4
150,0,34,90000,90,3
151,0,43,30000,17,9
152,0,39,41000,88,1
153,1,44,17000,20,2
154,1,38,92000,76,2
155,1,47,80000,16,4
156,1,27,10000,89,4
157,0,37,16000,1,1
158,1,30,87000,78,4
159,0,34,66000,1,2
160,1,30,86000,73,3
161,1,56,9000,35,1
162,1,29,50000,83,5
163,0,19,35000,5,5
164,1,31,58000,93,5
165,0,50,47000,26,2
166,1,36,54000,75,3
167,0,42,79000,20,3
168,1,33,83000,95,5
169,1,36,57000,27,3
170,0,32,0,63,2
171,0,40,69000,13,5
172,0,28,4000,75,2
173,0,36,79000,10,2
174,0,36,99000,92,2
175,1,52,20000,13,2
176,1,30,28000,86,4
177,0,58,29000,15,1
178,0,27,45000,69,6
179,0,59,86000,14,3
180,0,35,42000,90,1
181,1,37,59000,32,2
182,1,32,61000,86,5
183,0,46,11000,15,1
184,1,29,66000,88,4
185,1,41,39000,39,1
186,0,30,72000,97,2
187,1,54,14000,24,2
188,0,28,44000,68,3
189,1,41,76000,17,2
190,1,36,95000,85,2
191,1,34,92000,23,3
192,1,32,98000,69,2
193,0,33,96000,8,2
194,1,38,45000,91,4
195,1,47,8000,16,2
196,1,35,46000,79,3
197,1,45,78000,28,2
198,0,32,4000,74,5
199,0,32,81000,18,2
200,0,30,33000,83,2
201,1,21,40000,10,3
202,0,34,85000,16,3
203,1,16,60000,0,8
204,1,76,60000,39,2
205,1,62,63000,59,2
206,1,63,10000,52,3
207,1,19,55000,61,3
208,0,46,93000,12,1
209,1,48,15000,7,2
210,1,80,39000,33,4
211,1,1,57000,93,2
212,1,0,22000,92,1
213,0,86,12000,70,4
214,0,49,50000,82,1
215,0,48,95000,68,4
216,1,46,66000,70,3
217,0,79,20000,40,2
218,1,83,35000,99,2
219,1,66,71000,34,2
220,1,59,76000,61,1
221,1,39,84000,33,3
222,1,95,72000,51,2
223,0,43,33000,55,3
224,1,93,93000,37,5
225,1,40,83000,48,1
226,1,78,23000,8,1
227,1,25,40000,77,4
228,0,76,89000,86,4
229,0,0,33000,64,1
230,0,15,94000,30,2
231,1,6,93000,53,2
232,0,84,7000,28,4
233,1,67,18000,88,2
234,1,78,3000,14,4
235,1,4,84000,54,1
236,1,29,62000,34,4
237,0,91,9000,96,5
238,0,95,36000,35,4
239,0,55,37000,74,4
240,1,14,50000,11,2
241,0,92,83000,16,5
242,1,65,79000,17,3
243,1,84,40000,14,4
244,1,77,47000,58,6
245,1,53,4000,20,4
246,1,28,38000,75,2
247,0,23,0,96,3
248,1,32,7000,16,2
249,1,37,41000,2,2
250,1,89,65000,0,5
251,0,80,20000,93,3
252,1,27,44000,65,1
253,1,78,3000,14,4
254,1,86,72000,13,3
255,1,46,27000,32,4
256,0,59,85000,49,2
257,0,12,38000,18,1
258,0,79,73000,96,7
259,1,79,64000,64,3
260,0,26,26000,60,4
261,1,63,47000,16,3
262,1,52,35000,85,6
263,1,32,31000,24,3
264,1,64,13000,38,4
265,1,37,79000,10,7
266,0,7,82000,39,2
267,1,40,28000,68,1
268,1,78,36000,79,3
269,1,34,8000,76,6
270,1,52,88000,39,2
271,0,94,91000,36,4
272,1,1,12000,82,3
273,1,96,1000,76,3
274,1,18,143000,99,2
275,1,37,18000,57,2
276,0,78,65000,89,2
277,0,16,9000,88,4
278,0,93,95000,21,1
279,1,74,78000,12,3
280,0,68,48000,73,3
281,1,32,63000,87,4
282,1,43,85000,63,2
283,1,52,43000,58,3
284,1,63,74000,20,2
285,1,33,67000,11,1
286,0,86,59000,40,1
287,1,85,140000,84,1
288,1,73,31000,47,2
289,1,21,5000,91,1
290,1,93,19000,58,3
291,0,9,27000,62,1
292,1,10,68000,80,3
293,0,11,38000,66,8
294,1,48,50000,36,4
295,1,73,80000,73,2
296,1,66,69000,43,3
297,1,79,31000,91,3
298,0,62,87000,41,2
299,0,17,79000,16,3
300,0,32,32000,86,2
301,0,85,153787,100,3
302,0,31,95851,16,2
303,1,31,145015,73,3
304,1,38,148539,7,2
305,1,90,117319,21,2
306,1,65,180243,26,2
307,1,63,165052,12,2
308,1,61,120487,14,2
309,0,26,112766,83,4
310,1,17,156488,65,4
311,0,56,97562,15,6
312,1,12,77501,30,4
313,1,24,118302,100,1
314,1,13,64277,9,4
315,0,12,53927,77,3
316,0,72,93921,93,2
317,1,54,132046,8,4
318,0,45,183217,91,2
319,0,66,182937,44,1
320,1,27,68272,56,4
321,0,36,69841,21,2
322,0,5,69078,60,1
323,1,89,110667,100,4
324,0,13,95469,94,1
325,1,91,102861,40,1
326,0,16,133551,7,1
327,1,63,64589,90,1
328,0,52,152755,39,2
329,1,37,92313,58,5
330,1,78,98922,2,3
331,0,24,165846,33,4
332,1,4,93713,62,4
333,0,84,137641,67,5
334,0,0,173743,96,4
335,1,67,116126,58,2
336,1,32,112246,30,3
337,1,39,69384,75,5
338,1,68,76529,62,2
339,1,7,123804,28,1
340,1,76,68292,55,2
341,1,84,173185,99,1
342,0,75,142034,82,4
343,0,22,107941,61,1
344,1,90,149840,61,1
345,1,4,148431,99,8
346,1,78,126599,84,3
347,1,58,57180,22,1
348,1,99,184426,41,1
349,1,24,151085,39,5
350,1,88,166107,98,4
351,1,92,67850,91,4
352,0,99,173394,4,1
353,1,51,72303,98,1
354,0,23,181760,35,3
355,1,13,146858,75,1
356,0,22,172923,20,1
357,1,89,115811,87,4
358,0,20,184324,51,5
359,1,72,67353,19,3
360,0,17,165999,71,3
361,0,90,164914,18,3
362,0,99,63364,61,2
363,1,39,182352,73,3
364,1,37,148544,56,2
365,0,46,62833,85,2
366,0,65,120627,72,2
367,1,60,130898,30,1
368,1,93,103130,74,3
369,0,72,106681,15,5
370,1,36,87353,25,5
371,0,52,88046,61,1
372,1,72,98168,49,2
373,1,28,178265,5,1
374,1,48,167232,92,4
375,0,85,140478,43,4
376,0,22,159296,83,1
377,1,30,144043,78,1
378,0,46,72594,64,2
379,1,82,180288,77,2
380,1,73,165734,51,1
381,0,8,175407,2,1
382,0,90,70201,8,2
383,0,34,91503,26,6
384,1,10,184522,43,2
385,1,79,143560,83,3
386,0,83,131574,97,2
387,1,20,151124,18,3
388,1,25,67447,5,2
389,1,26,117454,8,2
390,1,18,86203,23,1
391,1,7,136231,10,1
392,0,1,89144,1,2
393,0,21,119116,30,4
394,1,86,163463,31,4
395,1,75,151696,82,1
396,0,78,184736,52,1
397,1,87,70419,69,4
398,1,8,119104,41,3
399,0,59,130950,28,3
400,0,13,140950,77,2
401,1,55,82285,35,1
402,1,50,91389,92,7
403,0,54,186359,95,2
404,0,13,178989,46,3
405,0,79,166335,45,5
406,1,65,119889,11,6
407,1,51,66852,73,3
408,0,18,103896,36,4
409,0,21,187761,87,3
410,0,37,102717,93,4
411,0,83,102647,83,2
412,1,96,113585,31,4
413,1,65,86509,88,4
414,0,80,59099,44,7
415,1,75,135088,5,5
416,1,87,110870,78,4
417,1,86,187667,12,1
418,1,36,124614,25,5
419,1,78,166492,40,7
420,1,62,172758,69,2
421,0,89,122430,19,1
422,1,56,183540,96,6
423,1,35,96484,34,4
424,0,33,112587,71,4
425,1,58,155672,71,7
426,1,68,72847,93,2
427,0,38,71897,32,3
428,0,31,158479,57,5
429,0,90,89251,4,1
430,0,28,179911,24,1
431,0,1,111558,85,4
432,0,78,127615,78,7
433,1,23,50076,32,5
434,1,25,77779,62,1
435,0,59,169999,38,5
436,1,7,106581,76,7
437,1,24,78223,41,1
438,0,76,136259,14,7
439,0,37,153399,93,6
440,1,6,162858,91,1
441,1,0,57373,29,7
442,0,3,133602,47,1
443,1,95,66322,88,3
444,1,0,68761,16,4
445,0,7,70749,86,3
446,0,54,65874,87,6
447,0,89,115996,24,1
448,1,58,67097,91,1
449,1,12,108027,64,5
450,0,7,176349,80,2
451,0,11,88452,40,6
452,0,74,128266,55,4
453,1,64,156777,20,2
454,1,48,123234,50,7
455,1,8,60790,38,5
456,1,15,181332,99,6
457,0,1,187297,7,1
458,1,21,153885,86,6
459,0,84,53500,44,4
460,1,5,69443,28,6
461,1,47,124072,56,7
462,1,96,135800,29,7
463,0,93,120597,96,4
464,1,16,91358,11,4
465,0,56,53231,41,5
466,1,76,156330,31,2
467,0,0,186002,80,2
468,1,70,111760,53,5
469,1,47,143906,12,3
470,0,13,182410,22,4
471,0,86,98463,46,5
472,0,91,93762,28,7
473,0,97,104582,50,2
474,0,20,130813,92,5
475,1,11,59202,92,4
476,1,28,79968,45,2
477,0,32,104824,42,7
478,0,82,188719,30,6
479,0,39,187536,66,6
480,0,7,134008,85,1
481,1,13,176397,71,3
482,1,34,154888,43,6
483,0,76,155622,81,2
484,1,30,62330,60,1
485,1,69,112838,34,7
486,0,22,58283,59,4
487,1,60,77857,81,6
488,0,66,125024,25,1
489,1,57,136242,34,1
490,1,60,81934,81,4
491,1,59,130511,97,4
492,1,54,144502,88,1
493,0,90,63769,6,2
494,1,14,66760,20,4
495,1,34,135115,54,7
496,1,85,179877,17,4
497,1,83,93351,65,1
498,0,12,84547,96,3
499,0,95,121725,3,3
500,0,41,65723,91,7
501,1,38,96794,96,3
502,0,68,72352,61,5
503,1,4,53097,21,7
504,1,5,144831,17,3
505,1,3,183851,10,2
506,1,20,111896,90,3
507,1,3,64824,30,1
508,0,36,88565,16,5
509,1,70,104974,63,1
510,1,17,167060,47,5
511,1,31,69018,17,1
512,1,48,174109,96,1
513,0,28,62186,29,1
514,0,97,183783,70,3
515,0,81,83771,1,2
516,1,37,148196,91,2
517,0,85,131742,87,1
518,1,78,59971,94,7
519,1,13,88960,2,3
520,1,53,140107,38,5
521,1,41,161896,49,3
522,1,9,57272,60,1
523,0,20,119952,2,2
524,1,98,167197,63,5
525,1,44,186116,2,6
526,1,66,134677,59,5
527,1,58,180479,74,3
528,0,97,112783,21,6
529,0,13,150258,17,3
530,0,48,115832,92,2
531,1,47,104834,44,7
532,0,93,152571,66,5
533,1,11,162287,45,2
534,1,68,171761,59,6
535,1,87,77709,73,1
536,1,22,95053,17,2
537,0,89,74820,33,2
538,0,57,152267,92,5
539,0,91,71925,14,2
540,1,84,151340,95,7
541,0,56,162921,51,4
542,1,26,52234,30,2
543,1,56,100271,87,5
544,1,6,170266,23,2
545,1,33,88763,1,1
546,1,89,107359,26,6
547,0,99,164781,83,2
548,1,25,156016,85,1
549,1,96,186882,40,7
550,1,35,99300,88,2
551,0,16,58127,65,3
552,1,81,89211,12,7
553,1,7,148607,59,7
554,1,31,139592,62,1
555,1,16,172051,62,3
556,0,89,57033,99,4
557,0,84,117612,63,6
558,0,40,185321,96,7
559,1,17,186577,5,5
560,0,0,151298,89,6
561,1,69,123925,52,7
562,1,17,169496,12,6
563,1,0,142892,25,1
564,1,34,58979,3,5
565,1,51,141416,100,1
566,0,54,104854,67,7
567,1,19,180331,14,5
568,1,99,172896,13,3
569,1,2,101451,82,3
570,1,91,189974,37,1
571,0,65,90084,65,6
572,1,47,112247,24,5
573,1,91,181775,61,5
574,1,64,59088,31,3
575,1,91,60856,23,6
576,0,32,149900,34,3
577,0,15,142776,98,5
578,0,22,162598,84,3
579,1,37,146195,89,4
580,0,83,135268,53,5
581,1,89,136037,1,1
582,1,33,111191,67,4
583,1,13,144111,62,5
584,1,71,177359,56,2
585,1,10,112818,85,7
586,0,49,53509,98,4
587,1,9,168269,75,2
588,1,53,86766,2,3
589,1,63,52661,25,5
590,1,46,148520,14,5
591,0,42,149936,52,3
592,1,73,102296,31,5
593,0,75,178416,16,7
594,1,49,83788,41,1
595,1,96,184771,77,5
596,1,52,70302,88,3
597,1,15,58639,51,7
598,0,91,97879,40,7
599,0,22,64707,29,3
600,0,62,71795,87,1
601,0,41,76567,85,1
602,0,61,126370,20,4
603,1,71,154007,32,7
604,1,91,69720,78,6
605,1,94,85265,68,6
606,1,3,155864,31,3
607,1,15,99421,72,7
608,1,96,145457,57,1
609,0,12,118041,77,2
610,1,23,73759,83,7
611,0,94,90082,17,7
612,1,7,74928,12,6
613,1,74,101352,36,5
614,1,52,93947,81,2
615,0,39,134629,23,6
616,0,72,101858,70,6
617,1,55,165501,47,4
618,0,29,135931,74,1
619,0,38,103356,20,6
620,1,44,75195,79,3
621,0,58,123083,44,5
622,0,77,73884,30,2
623,1,56,91180,61,7
624,0,79,86235,52,2
625,1,97,96400,4,7
626,0,78,83599,12,6
627,1,91,82535,50,1
628,0,35,92227,8,5
629,1,43,150444,27,4
630,1,37,149095,83,2
631,0,63,113605,42,3
632,1,16,93854,82,7
633,0,32,118280,92,5
634,0,91,94576,90,1
635,1,33,129257,70,3
636,1,57,70373,10,6
637,1,43,77600,66,1
638,1,26,113707,97,5
639,1,59,189672,8,7
640,1,61,143180,58,5
641,1,59,174890,14,4
642,0,66,121377,19,7
643,0,26,154857,13,7
644,1,67,160945,51,5
645,1,85,119557,35,2
646,1,76,187141,33,7
647,1,57,97468,22,1
648,1,77,160351,77,5
649,1,66,178627,94,2
650,1,49,170188,80,6
651,1,36,166007,40,4
652,0,74,91794,83,7
653,1,16,189072,86,3
654,0,27,152717,15,6
655,1,3,158549,98,3
656,0,31,134263,94,3
657,1,30,148236,28,1
658,0,94,171677,81,6
659,1,31,189446,38,6
660,0,49,106633,53,3
661,0,49,81084,48,5
662,0,53,148759,52,7
663,1,3,117638,95,7
664,1,91,159537,37,1
665,0,26,79526,6,7
666,0,28,101414,64,1
667,1,92,109519,72,4
668,1,59,156880,70,7
669,0,15,157278,58,6
670,1,23,144916,84,7
671,0,54,59163,100,3
672,1,93,93991,49,3
673,1,65,58318,45,1
674,1,13,180786,88,5
675,0,71,84622,45,6
676,0,1,92674,59,4
677,1,57,87553,94,1
678,0,14,74174,79,2
679,1,77,180831,33,2
680,1,89,137397,33,7
681,0,17,96154,100,4
682,0,86,172477,69,3
683,0,42,59954,37,4
684,1,29,112240,95,4
685,1,54,145679,35,2
686,0,96,136265,49,5
687,1,58,74869,12,3
688,1,52,109425,46,1
689,1,3,126015,57,1
690,1,13,156951,66,7
691,1,3,127172,68,2
692,0,89,113834,22,3
693,0,83,132005,2,5
694,1,80,171323,78,4
695,1,74,92355,87,4
696,0,42,60982,3,5
697,1,91,51742,33,3
698,1,31,138612,71,2
699,0,8,158123,84,1
700,0,64,164675,65,5
701,1,41,172882,27,7
702,1,62,70119,93,1
703,0,41,113998,26,7
704,0,22,114011,40,7
705,0,5,57265,89,7
706,1,38,130597,2,1
707,1,88,121597,7,5
708,0,56,103210,100,6
709,0,47,66308,8,4
710,0,4,141336,93,1
711,0,82,153632,76,7
712,1,31,65520,71,2
713,1,69,153217,83,6
714,0,62,92768,75,1
715,1,54,132345,10,2
716,1,60,186069,49,2
717,1,31,53802,32,7
718,1,17,103739,62,4
719,1,15,50550,34,7
720,1,37,145648,21,6
721,0,36,85737,37,3
722,1,27,99950,20,4
723,1,11,83220,21,4
724,0,83,73410,50,5
725,1,71,64310,43,1
726,1,20,59844,79,1
727,0,3,67787,1,6
728,0,52,172841,4,1
729,0,75,145528,61,2
730,0,36,173807,42,2
731,0,60,185794,69,1
732,0,8,119780,71,3
733,1,9,158596,86,2
734,1,41,118122,52,6
735,0,38,99964,11,4
736,1,69,120752,27,6
737,1,33,189630,53,5
738,0,64,125510,6,3
739,0,19,101799,49,1
740,1,88,92914,74,3
741,1,91,162465,59,3
742,0,84,163818,27,1
743,1,43,53832,56,1
744,1,30,140190,49,4
745,0,16,125836,69,4
746,0,89,100938,27,7
747,0,5,168670,37,3
748,1,54,176885,10,3
749,1,41,111174,28,5
750,0,80,127335,97,6
751,0,37,149103,3,1
752,0,87,167705,31,7
753,1,50,183548,85,4
754,1,14,50396,46,6
755,1,17,63557,3,1
756,1,98,87878,55,6
757,0,3,55634,53,3
758,1,83,118110,26,5
759,0,13,129396,36,6
760,1,46,62628,64,6
761,1,25,51700,17,6
762,1,4,106816,49,5
763,0,64,93000,67,2
764,1,84,144148,71,4
765,0,12,101388,90,2
766,1,56,171560,78,2
767,0,58,156366,60,1
768,1,0,143910,22,7
769,1,25,106569,84,3
770,0,28,173009,25,6
771,0,78,54252,29,5
772,0,56,104600,57,3
773,0,91,50250,54,2
774,0,77,93242,84,7
775,1,83,156839,38,7
776,1,64,71305,39,2
777,0,19,85975,73,6
778,0,94,188107,52,2
779,0,19,82333,35,2
780,0,84,125016,25,7
781,1,10,148908,10,3
782,1,19,58217,70,1
783,0,74,76521,29,4
784,1,95,117763,42,2
785,1,34,115184,93,4
786,0,30,54251,7,6
787,1,53,112530,24,6
788,0,67,107409,2,6
789,1,23,84793,23,6
790,1,25,66952,79,2
791,1,84,153465,11,4
792,1,1,178214,17,7
793,0,70,152069,42,4
794,1,56,132860,17,2
795,1,0,147719,86,7
796,1,91,172915,29,1
797,1,81,148594,29,5
798,0,33,61986,77,1
799,0,75,91456,13,4
800,0,11,166247,84,2
801,1,61,140516,50,3
802,0,81,148208,36,7
803,1,62,133822,78,4
804,1,44,175424,32,5
805,1,67,121528,92,4
806,1,30,189369,69,3
807,1,92,80808,26,1
808,0,25,57535,84,7
809,1,61,163509,51,4
810,1,72,75884,57,7
811,1,89,157759,52,6
812,1,37,184813,44,2
813,0,59,187253,51,7
814,0,41,81718,36,3
815,0,60,150019,37,2
816,1,81,53452,73,6
817,0,85,150765,42,2
818,1,91,154456,71,7
819,1,65,56647,12,4
820,1,19,117477,48,7
821,1,78,79677,9,7
822,1,0,116759,28,3
823,0,26,180702,21,1
824,1,2,122698,100,1
825,1,60,169346,55,2
826,1,67,93176,25,1
827,1,4,75853,40,5
828,0,7,119362,58,1
829,0,28,81545,36,7
830,0,67,67372,75,7
831,1,30,109703,61,1
832,0,38,166697,39,4
833,1,40,124982,34,7
834,1,6,146776,83,7
835,1,3,147548,45,5
836,1,51,117620,60,6
837,0,63,85351,57,2
838,0,65,174432,8,7
839,0,44,70787,68,3
840,1,90,75473,63,7
841,0,76,90082,49,6
842,1,62,185388,54,2
843,1,5,168110,69,6
844,1,67,184628,38,2
845,1,38,176551,45,1
846,1,31,76422,21,7
847,0,2,164248,51,3
848,1,82,109188,38,7
849,1,66,132951,26,1
850,1,75,164598,32,1
851,0,69,186655,32,2
852,1,62,111859,86,1
853,1,0,121926,41,1
854,1,11,143047,42,3
855,1,22,131748,23,3
856,0,76,142801,23,1
857,0,85,142723,46,6
858,0,21,155151,16,3
859,1,64,153607,48,4
860,0,94,144192,34,3
861,1,83,174159,22,4
862,1,93,73642,50,3
863,1,12,170319,46,7
864,1,0,141351,10,2
865,1,79,167411,9,5
866,0,90,58289,49,6
867,1,45,79801,77,2
868,1,82,146118,52,7
869,1,57,57337,14,4
870,1,43,113575,6,2
871,0,63,122658,65,2
872,1,62,151836,13,6
873,1,43,185900,80,4
874,1,34,94029,98,4
875,1,30,157290,22,2
876,0,97,175996,42,4
877,0,68,102016,37,4
878,0,16,77902,67,2
879,1,15,81138,86,7
880,0,25,128258,48,2
881,1,29,62475,24,4
882,1,85,82854,75,4
883,1,30,59284,38,7
884,1,13,141580,92,4
885,1,88,171362,90,4
886,0,5,78274,65,2
887,1,95,76646,61,1
888,1,92,78308,66,2
889,1,63,78971,89,2
890,1,75,65528,73,5
891,0,67,94199,71,7
892,1,58,135705,48,7
893,0,52,130573,31,3
894,1,85,152303,68,5
895,1,31,144582,89,1
896,1,84,93288,60,6
897,1,93,88192,3,2
898,0,18,62362,81,3
899,0,73,74350,39,1
900,0,3,144103,42,7
901,0,1,75518,17,3
902,0,53,160980,62,2
903,1,75,102904,28,6
904,1,15,174501,37,7
905,1,47,157661,57,6
906,1,66,118385,8,3
907,1,17,116463,100,4
908,1,1,161212,14,6
909,0,16,172601,50,6
910,1,52,167214,94,7
911,0,21,69644,19,1
912,1,19,120215,46,2
913,1,29,180401,23,6
914,1,40,113739,93,7
915,0,76,111717,41,2
916,0,91,62808,20,4
917,1,24,67582,13,3
918,0,4,96543,60,1
919,0,90,89667,69,2
920,1,56,98980,65,1
921,0,14,124998,17,3
922,0,52,189091,12,6
923,1,14,153842,3,3
924,0,30,106314,16,7
925,1,70,62901,60,5
926,0,14,149618,78,6
927,1,95,72068,97,6
928,0,25,81367,87,3
929,1,95,118575,10,3
930,1,12,82382,97,3
931,0,82,114776,55,3
932,1,2,145597,81,6
933,0,51,162072,86,1
934,0,63,172872,11,7
935,1,30,182162,6,3
936,1,68,71467,81,7
937,1,21,85568,1,6
938,1,99,56851,72,3
939,1,0,116782,73,5
940,1,80,67781,1,4
941,1,51,70152,29,2
942,0,18,185861,82,6
943,0,43,162595,17,3
944,1,29,80098,54,6
945,1,20,184801,8,1
946,1,39,58908,37,6
947,1,9,146011,69,5
948,1,45,135174,39,4
949,1,65,114244,64,1
950,1,64,157207,52,4
951,1,81,128834,23,4
952,0,54,51166,24,7
953,1,32,130118,36,4
954,0,29,87014,71,4
955,1,25,111379,93,2
956,0,5,83704,82,1
957,1,55,90558,49,2
958,0,12,187343,14,3
959,1,81,111174,48,6
960,0,87,64461,63,4
961,0,12,109618,97,3
962,0,91,189357,4,1
963,1,63,120955,79,1
964,1,97,168898,54,7
965,0,89,130431,52,3
966,0,59,161091,56,1
967,1,26,69988,2,4
968,1,5,169702,98,1
969,0,32,186897,49,7
970,1,98,109061,41,1
971,0,31,188620,30,6
972,1,59,108675,57,5
973,1,80,177601,34,2
974,1,12,87365,3,2
975,0,80,95929,23,2
976,0,59,97185,87,5
977,1,56,103838,17,2
978,0,18,129260,11,3
979,1,66,151184,19,4
980,1,67,177512,62,3
981,0,39,140099,51,7
982,0,23,67535,97,6
983,0,47,133236,61,6
984,1,41,87975,5,7
985,1,40,164350,23,5
986,0,36,55109,53,3
987,1,12,67613,40,2
988,1,60,185306,47,2
989,1,24,154787,84,5
990,1,17,109759,96,3
991,1,92,114571,51,3
992,0,32,130697,93,2
993,0,39,115916,24,6
994,1,50,69814,53,2
995,1,85,118161,74,4
996,0,65,56583,65,3
997,1,17,185843,36,3
998,1,31,171825,22,4
999,0,24,77976,95,3
1000,0,97,66312,75,1
1001,1,92,81839,11,4
1002,1,80,55712,5,6
1003,0,33,158335,45,5
1004,0,8,74253,45,6
1005,0,67,119625,3,4
1006,1,8,129743,6,2
1007,1,61,101007,60,6
1008,0,83,87529,49,7
1009,0,8,151648,98,6
1010,0,69,61637,67,5
1011,0,14,164659,59,6
1012,1,80,125623,62,4
1013,1,85,104054,22,4
1014,0,88,83535,56,5
1015,1,76,166245,13,3
1016,1,32,100890,60,4
1017,1,99,55972,83,7
1018,1,85,134282,39,5
1019,1,25,106669,22,7
1020,1,99,145777,94,5
1021,0,41,119259,91,5
1022,1,1,150174,59,2
1023,1,45,55472,51,3
1024,0,55,99423,82,5
1025,1,20,146221,25,3
1026,1,33,84238,31,2
1027,0,92,57032,75,5
1028,0,93,88811,52,4
1029,0,60,167420,38,2
1030,0,38,101846,17,2
1031,0,15,114061,87,5
1032,0,74,147449,16,5
1033,1,47,83043,76,1
1034,1,96,168990,81,5
1035,0,97,73867,65,5
1036,1,35,165772,51,4
1037,1,19,178217,38,3
1038,0,60,162612,98,6
1039,0,37,99872,53,3
1040,1,49,142566,77,7
1041,1,1,111424,80,5
1042,0,43,187841,38,4
1043,1,46,171921,50,6
1044,1,65,115299,87,3
1045,0,75,94129,27,7
1046,0,40,172378,39,6
1047,0,28,146597,31,4
1048,1,78,64057,44,3
1049,1,22,163585,49,5
1050,0,6,93186,83,3
1051,0,46,149764,1,6
1052,0,17,116822,84,3
1053,1,46,109346,37,2
1054,1,72,111587,99,4
1055,1,38,166644,66,6
1056,1,50,181270,56,1
1057,0,47,65207,81,2
1058,1,72,112146,21,4
1059,0,8,104953,57,6
1060,1,34,139009,24,4
1061,1,53,67916,82,6
1062,1,82,99983,88,1
1063,0,63,131122,40,6
1064,1,58,173190,37,4
1065,0,23,122712,21,1
1066,1,80,55792,30,6
1067,0,45,73892,45,4
1068,1,30,78821,46,4
1069,1,84,152475,12,7
1070,0,45,152226,87,4
1071,0,85,117679,18,3
1072,0,23,146473,87,4
1073,0,79,66051,75,7
1074,0,47,162332,72,5
1075,1,93,166018,71,3
1076,1,95,67398,81,5
1077,0,44,73760,70,6
1078,0,95,167578,66,1
1079,0,28,130267,45,4
1080,0,91,94846,95,5
1081,1,81,155396,1,5
1082,1,90,138013,16,7
1083,0,79,148286,77,4
1084,1,6,101031,28,1
1085,1,38,52884,24,1
1086,0,87,153230,15,1
1087,1,93,63261,13,7
1088,0,44,90167,84,3
1089,1,10,162076,78,3
1090,1,84,53622,27,3
1091,1,7,172913,94,4
1092,1,41,94316,86,6
1093,0,87,141383,3,5
1094,1,33,67874,55,2
1095,1,34,176554,62,2
1096,1,53,135341,56,2
1097,1,47,129019,57,3
1098,0,53,107879,3,6
1099,0,92,79531,4,1
1100,0,89,63379,59,7
1101,1,27,156258,54,4
1102,0,70,67874,41,3
1103,1,86,159964,57,6
1104,1,99,103706,50,2
1105,1,96,64713,84,7
1106,1,65,90414,55,5
1107,1,82,171100,34,5
1108,0,36,187305,85,7
1109,1,30,139758,46,6
1110,1,96,91226,56,5
1111,1,69,143928,30,7
1112,1,34,92366,14,6
1113,0,74,175041,25,1
1114,0,97,147301,93,5
1115,0,56,119296,49,7
1116,1,30,126306,44,1
1117,0,13,100647,49,3
1118,1,95,168663,16,5
1119,1,2,105391,42,7
1120,1,78,175179,43,4
1121,1,54,165019,12,2
1122,1,85,68212,26,4
1123,0,13,64572,71,2
1124,1,85,92591,99,2
1125,1,41,69730,97,4
1126,1,25,156793,57,4
1127,1,74,56848,41,1
1128,0,8,148450,55,6
1129,0,62,150619,32,6
1130,0,52,100261,10,6
1131,1,36,109895,56,2
1132,0,11,152684,24,3
1133,1,84,133765,83,3
1134,1,99,57677,99,5
1135,1,51,112358,27,6
1136,1,57,73845,52,7
1137,0,92,89531,42,2
1138,0,29,118092,100,3
1139,0,62,144242,49,4
1140,1,43,140876,90,4
1141,0,72,76888,26,1
1142,1,28,116644,88,3
1143,1,57,143021,3,4
1144,1,86,145679,91,6
1145,1,26,64398,7,6
1146,1,13,104512,40,3
1147,0,1,71564,68,5
1148,1,89,122707,64,3
1149,1,91,51733,96,5
1150,1,67,138087,63,7
1151,0,63,147278,51,4
1152,1,90,187339,62,6
1153,1,87,129972,97,6
1154,1,89,151176,55,2
1155,1,34,74358,60,6
1156,0,89,83953,82,3
1157,0,31,62925,24,6
1158,0,55,65257,93,3
1159,1,3,188557,4,2
1160,0,64,163783,84,1
1161,1,1,108342,97,3
1162,1,20,155951,21,4
1163,1,18,183071,29,4
1164,1,83,124104,20,6
1165,1,21,136747,3,1
1166,0,19,189498,18,1
1167,1,74,76149,48,6
1168,1,44,185550,54,1
1169,1,52,119567,19,2
1170,1,14,79806,30,6
1171,0,10,180774,66,5
1172,1,80,90142,50,2
1173,1,82,184481,84,2
1174,1,32,66089,75,3
1175,1,16,60044,83,1
1176,0,61,52543,23,6
1177,0,57,50429,23,1
1178,0,95,178228,45,2
1179,1,38,161130,98,3
1180,0,70,87976,38,6
1181,1,40,179150,91,2
1182,1,92,163442,32,6
1183,1,73,108159,18,7
1184,1,62,73419,14,1
1185,1,12,138425,78,6
1186,0,65,54431,93,7
1187,1,88,168437,81,2
1188,1,55,71322,54,6
1189,1,99,122548,14,5
1190,1,20,141428,32,5
1191,0,97,142214,32,4
1192,1,93,62590,43,6
1193,0,84,172523,83,2
1194,1,16,157588,76,6
1195,1,10,143313,57,7
1196,1,59,119833,38,2
1197,1,54,70803,35,5
1198,0,82,139008,47,4
1199,0,83,126669,53,6
1200,0,87,122722,10,4
1201,0,1,79800,47,1
1202,0,89,100155,5,1
1203,1,32,110846,49,2
1204,1,1,106841,69,3
1205,1,54,117181,66,5
1206,1,56,86898,76,6
1207,1,31,143241,81,7
1208,1,26,146028,33,5
1209,0,7,165287,65,3
1210,1,60,132486,9,2
1211,0,92,96424,74,5
1212,1,93,151468,41,5
1213,1,8,76561,79,1
1214,1,81,125316,81,6
1215,0,21,109373,22,2
1216,0,96,135042,12,7
1217,1,78,59784,81,3
1218,0,86,140687,63,2
1219,0,1,182927,55,1
1220,1,62,175534,44,6
1221,0,68,170957,6,3
1222,0,70,81197,76,4
1223,1,21,104888,8,4
1224,0,74,184838,18,5
1225,1,62,139588,66,2
1226,0,22,126543,45,3
1227,1,87,177260,45,2
1228,0,44,156823,42,5
1229,1,27,183201,52,6
1230,1,95,84925,46,6
1231,0,89,69719,47,2
1232,1,41,61355,13,3
1233,0,41,156014,49,5
1234,0,21,184088,21,7
1235,1,59,158372,98,1
1236,1,64,135742,67,7
1237,1,38,145704,82,4
1238,1,70,157307,23,3
1239,1,25,88064,73,5
1240,1,3,167226,59,1
1241,1,70,153821,8,4
1242,0,29,170669,78,5
1243,0,88,93555,13,3
1244,1,20,101941,18,3
1245,1,58,78795,44,6
1246,1,70,55875,94,5
1247,1,44,177513,81,5
1248,1,87,100850,83,3
1249,1,0,143082,63,7
1250,1,96,85447,4,6
1251,1,75,114213,33,4
1252,0,14,161120,69,1
1253,1,8,186682,86,1
1254,0,58,105302,75,3
1255,1,5,133400,47,6
1256,0,70,56432,23,5
1257,1,49,136467,72,3
1258,0,60,189945,20,5
1259,1,25,163966,48,5
1260,0,47,52152,17,3
1261,0,53,145720,62,7
1262,0,24,188034,61,5
1263,1,46,127911,3,2
1264,1,70,174114,31,1
1265,0,53,144489,10,3
1266,0,63,77440,47,5
1267,1,24,86119,44,6
1268,1,5,100056,49,3
1269,0,7,66686,50,7
1270,1,71,74696,41,6
1271,0,23,65641,50,5
1272,1,0,61228,81,6
1273,1,2,138529,87,4
1274,1,72,152405,4,4
1275,0,18,157757,84,4
1276,0,11,166361,59,4
1277,1,95,67227,30,7
1278,0,20,161156,88,4
1279,1,58,170647,70,7
1280,1,67,161646,36,2
1281,0,43,98016,18,6
1282,0,36,50526,19,6
1283,0,2,175208,43,4
1284,1,35,97721,48,7
1285,1,81,142013,81,4
1286,0,84,166737,76,3
1287,1,18,62651,13,2
1288,1,54,179546,4,4
1289,1,98,51866,81,7
1290,1,75,86297,42,4
1291,1,98,65031,23,4
1292,0,94,69383,25,2
1293,0,24,70733,63,3
1294,1,47,187898,89,2
1295,1,40,116001,55,4
1296,0,68,87040,4,1
1297,1,18,180956,74,2
1298,1,83,115517,82,6
1299,0,34,76979,46,3
1300,0,81,50798,56,5
1301,1,61,146350,43,3
1302,1,77,81112,61,3
1303,0,52,80605,20,6
1304,0,40,171949,11,6
1305,0,93,159006,26,6
1306,1,45,177368,96,2
1307,1,83,187643,3,1
1308,0,23,93841,25,7
1309,0,15,131061,92,7
1310,0,79,146130,20,6
1311,0,80,84471,79,5
1312,1,35,144485,15,4
1313,1,39,158638,78,5
1314,0,4,96693,28,4
1315,1,83,129507,93,7
1316,1,94,114510,39,4
1317,1,33,109396,17,2
1318,1,12,149031,96,5
1319,1,77,66256,13,2
1320,1,48,118285,69,4
1321,0,97,128723,58,5
1322,1,28,178285,91,7
1323,1,99,144176,74,2
1324,0,27,82474,31,3
1325,1,95,159010,84,2
1326,1,6,76164,83,2
1327,0,18,77873,49,5
1328,0,42,53392,89,4
1329,0,50,168898,41,7
1330,0,86,128917,7,5
1331,0,69,185067,49,4
1332,0,23,132183,76,3
1333,1,82,82060,46,1
1334,1,97,133614,58,4
1335,0,42,94844,64,6
1336,1,75,76474,5,5
1337,1,14,94655,9,1
1338,0,3,60933,30,1
1339,0,16,79257,82,2
1340,1,45,125677,36,2
1341,1,23,127971,56,5
1342,0,38,76103,62,3
1343,1,45,114741,96,5
1344,1,82,157994,92,1
1345,0,73,93786,44,1
1346,0,36,75178,41,7
1347,0,13,175267,81,4
1348,1,96,99263,100,1
1349,1,83,52590,3,4
1350,0,33,170959,75,4
1351,0,68,135076,60,5
1352,0,88,167112,34,1
1353,1,87,184639,12,6
1354,1,88,172369,80,6
1355,1,43,124256,67,7
1356,1,64,89972,92,6
1357,0,96,67799,42,6
1358,1,72,176074,70,7
1359,0,48,167517,27,7
1360,1,64,77914,11,6
1361,1,8,57605,81,2
1362,1,52,86365,70,7
1363,0,3,93883,39,2
1364,1,44,131091,62,1
1365,0,14,87222,14,4
1366,1,50,117076,45,2
1367,0,53,150925,1,2
1368,1,31,149379,100,3
1369,1,31,138644,94,3
1370,0,97,148493,42,7
1371,0,27,84658,66,6
1372,0,2,111618,99,5
1373,0,81,108759,60,6
1374,0,64,186203,73,5
1375,1,11,147258,59,2
1376,1,78,132983,67,7
1377,0,72,149092,39,1
1378,0,36,163845,84,7
1379,0,97,117777,67,5
1380,0,88,131584,18,3
1381,1,21,123904,91,5
1382,1,62,89801,88,4
1383,0,73,173466,57,5
1384,1,34,55690,4,6
1385,1,50,104467,72,1
1386,0,39,100419,19,4
1387,1,82,62951,47,2
1388,0,39,118554,1,6
1389,1,13,140673,49,7
1390,1,68,75561,87,3
1391,1,77,147306,50,6
1392,1,35,111871,30,1
1393,0,5,112884,43,6
1394,1,47,121267,58,1
1395,1,48,151519,93,2
1396,1,34,105448,40,5
1397,1,20,92048,91,1
1398,0,61,99980,94,1
1399,0,16,84003,68,6
1400,0,2,110889,95,2
1401,1,52,82478,95,1
1402,0,99,139685,20,4
1403,1,84,182374,62,6
1404,1,58,119366,94,2
1405,1,91,53788,57,2
1406,1,1,90341,92,2
1407,1,67,118348,94,7
1408,0,56,137428,87,2
1409,1,62,106982,53,7
1410,1,12,98532,52,6
1411,1,38,120825,24,7
1412,1,51,58006,83,5
1413,0,20,106941,73,1
1414,0,43,129782,31,2
1415,0,93,121513,90,6
1416,1,54,79925,30,3
1417,0,23,112089,74,7
1418,1,1,138656,27,4
1419,1,64,146794,90,3
1420,1,55,75033,30,5
1421,1,85,149969,78,6
1422,1,20,124852,39,5
1423,0,73,154837,42,4
1424,1,53,145678,55,1
1425,1,7,137354,89,7
1426,1,50,136660,48,3
1427,1,12,63334,99,6
1428,0,37,62893,29,5
1429,0,78,163514,89,2
1430,0,29,145934,40,2
1431,1,54,119223,58,7
1432,0,89,127479,18,2
1433,1,25,136146,98,6
1434,1,14,76001,46,3
1435,1,12,84885,24,2
1436,1,18,82812,1,2
1437,0,74,51260,43,5
1438,0,21,159572,42,5
1439,0,9,130186,88,7
1440,1,49,176954,57,6
1441,0,58,85908,99,4
1442,1,16,75831,5,7
1443,1,55,123045,56,3
1444,1,31,161211,10,1
1445,1,59,81702,27,4
1446,1,25,173043,3,6
1447,0,63,126380,90,1
1448,1,60,128205,27,5
1449,1,41,181355,73,3
1450,1,84,97931,70,7
1451,0,72,146432,25,1
1452,1,97,125731,41,4
1453,1,43,132701,70,2
1454,1,63,116095,8,1
1455,1,7,135773,42,5
1456,0,54,136417,45,6
1457,0,27,80783,82,3
1458,0,28,182580,60,6
1459,1,84,143567,48,2
1460,0,71,85908,85,4
1461,1,88,139806,99,4
1462,1,75,77269,24,1
1463,1,96,105968,65,5
1464,1,83,125660,19,4
1465,1,86,98444,76,4
1466,0,60,179503,9,3
1467,1,5,60575,14,2
1468,1,65,75685,19,3
1469,1,49,85374,45,5
1470,1,78,128642,19,6
1471,0,25,182292,78,5
1472,1,5,124702,94,3
1473,1,58,127833,2,7
1474,1,80,178866,97,4
1475,1,94,183643,51,5
1476,0,62,113306,4,6
1477,0,20,84008,77,4
1478,0,85,85758,35,4
1479,1,72,63128,45,7
1480,0,95,70174,6,6
1481,1,97,170133,42,5
1482,1,25,165978,42,3
1483,1,17,149727,78,3
1484,1,19,147052,86,4
1485,1,59,113389,79,6
1486,0,30,111690,73,4
1487,1,63,184830,60,3
1488,1,23,91549,23,3
1489,1,97,94629,17,3
1490,1,97,167558,99,7
1491,0,94,119189,57,3
1492,1,28,96207,67,5
1493,0,21,85339,6,7
1494,1,25,111942,7,5
1495,1,48,157003,45,4
1496,1,53,117123,23,7
1497,1,97,172747,76,2
1498,0,33,157358,52,4
1499,0,5,156655,20,5
1500,0,72,166043,93,6
1501,0,40,67768,15,6
1502,0,34,171353,34,4
1503,1,63,116971,76,5
1504,1,85,97822,38,3
1505,1,86,117203,83,3
1506,1,63,88720,100,1
1507,1,9,173233,18,1
1508,1,76,139447,36,7
1509,0,19,179269,93,3
1510,1,84,136254,90,6
1511,0,38,174594,56,2
1512,1,1,100429,19,1
1513,1,30,73107,48,1
1514,1,86,98344,25,6
1515,0,21,163509,21,1
1516,0,15,116204,16,2
1517,1,87,95853,53,1
1518,0,40,156411,70,5
1519,0,2,72889,36,7
1520,1,63,106691,79,3
1521,0,26,144832,42,3
1522,0,29,132297,53,1
1523,1,7,170345,3,5
1524,0,28,157383,13,2
1525,1,99,150782,18,2
1526,0,69,143987,87,5
1527,1,13,129659,59,7
1528,0,73,104826,36,1
1529,1,4,181471,59,4
1530,1,42,152547,56,4
1531,0,43,85347,9,1
1532,1,79,122828,32,5
1533,0,18,107794,17,5
1534,0,39,152566,11,7
1535,1,41,91715,99,3
1536,1,60,99222,48,6
1537,1,39,70280,99,4
1538,1,90,70030,86,2
1539,1,83,102083,24,1
1540,1,92,166163,87,5
1541,1,6,182871,27,6
1542,0,50,187545,61,6
1543,0,90,182910,86,1
1544,1,13,174530,30,6
1545,1,27,115438,37,6
1546,1,93,93964,80,2
1547,1,61,180341,75,3
1548,1,91,107323,1,7
1549,1,79,119435,55,7
1550,1,80,68341,22,6
1551,1,16,95365,60,5
1552,0,4,131093,79,7
1553,1,34,100621,3,1
1554,0,10,116521,47,2
1555,1,3,136316,88,3
1556,0,96,172039,51,6
1557,1,48,70844,22,3
1558,0,25,100964,96,6
1559,1,98,128037,39,2
1560,0,84,97081,75,3
1561,0,88,92247,47,6
1562,0,86,129914,92,3
1563,1,0,94014,53,5
1564,1,56,138864,93,5
1565,0,6,169299,46,5
1566,0,2,119097,40,7
1567,1,73,68161,23,2
1568,1,38,181108,32,1
1569,0,37,87764,59,7
1570,1,41,102543,54,3
1571,0,94,139417,13,3
1572,1,57,81802,29,1
1573,1,96,102788,51,1
1574,1,59,163179,19,7
1575,0,87,71318,22,3
1576,0,55,63683,34,1
1577,1,16,189689,37,5
1578,0,82,121610,36,5
1579,1,83,150682,25,1
1580,1,96,124550,46,3
1581,0,55,148875,99,4
1582,0,6,107117,44,3
1583,0,33,109223,43,5
1584,1,0,120899,7,6
1585,1,27,101948,31,5
1586,0,72,143169,58,4
1587,1,13,167619,4,6
1588,1,19,181795,59,5
1589,1,48,186445,41,1
1590,1,58,102205,24,1
1591,1,21,52326,69,2
1592,0,91,82992,5,5
1593,0,44,145520,55,7
1594,1,80,104820,96,4
1595,1,28,69025,79,2
1596,0,74,164976,89,4
1597,1,79,178576,51,5
1598,1,42,72415,52,5
1599,0,80,112146,24,3
1600,0,8,144830,43,1
1601,1,24,51661,79,7
1602,1,71,152910,90,6
1603,0,1,114556,64,7
1604,0,0,143455,62,6
1605,0,30,173096,92,3
1606,1,52,121172,97,4
1607,1,34,56492,15,1
1608,0,64,156422,39,7
1609,0,17,131863,94,7
1610,0,71,118096,36,3
1611,0,87,149685,30,6
1612,1,68,89765,28,7
1613,1,14,177701,49,6
1614,0,24,64738,67,6
1615,1,10,92734,28,4
1616,1,53,146877,47,3
1617,1,39,62935,60,7
1618,1,16,67178,17,3
1619,1,64,115754,35,3
1620,1,41,186470,21,7
1621,0,16,100939,34,6
1622,1,94,86172,55,4
1623,1,40,184222,17,2
1624,0,81,71543,1,4
1625,1,18,174836,63,4
1626,1,78,130706,72,6
1627,0,8,74407,100,6
1628,0,64,130055,46,1
1629,0,45,88707,81,5
1630,0,99,162762,52,1
1631,0,59,154821,77,2
1632,0,53,57248,66,5
1633,1,66,99902,54,2
1634,1,1,165711,50,2
1635,0,73,97455,55,4
1636,1,34,93866,43,2
1637,1,1,141307,17,3
1638,0,73,172011,9,5
1639,0,90,68138,18,7
1640,1,32,123246,100,6
1641,1,47,124194,32,7
1642,0,15,188696,87,3
1643,1,78,91213,84,5
1644,1,83,166650,99,3
1645,0,2,52727,60,3
1646,0,75,126469,86,2
1647,0,45,138775,17,7
1648,1,49,68901,70,7
1649,1,41,118621,7,7
1650,0,34,109263,77,1
1651,0,82,150012,83,6
1652,0,37,133850,85,3
1653,1,25,81640,95,6
1654,1,52,133214,1,7
1655,1,23,186723,42,5
1656,1,96,92100,23,3
1657,0,5,64484,10,5
1658,1,47,69024,3,5
1659,0,81,171194,55,5
1660,1,4,183282,34,1
1661,1,8,100099,74,3
1662,1,35,164435,26,3
1663,0,67,172407,60,3
1664,1,9,84781,14,3
1665,0,82,186130,61,7
1666,1,2,56782,10,5
1667,0,95,137206,4,4
1668,1,9,146950,92,5
1669,1,99,174275,4,2
1670,0,96,97705,41,2
1671,0,92,188984,69,4
1672,0,24,119238,55,3
1673,0,58,87923,19,5
1674,0,15,128573,97,1
1675,1,13,132374,96,3
1676,1,51,135164,75,3
1677,0,9,165194,10,3
1678,0,0,126060,92,3
1679,0,67,89366,55,3
1680,0,58,95172,77,5
1681,1,55,95975,49,1
1682,1,52,165573,59,7
1683,0,83,180887,59,1
1684,1,83,142720,86,1
1685,1,90,113460,54,7
1686,0,87,110434,20,3
1687,1,67,146016,38,6
1688,0,81,101073,67,7
1689,1,36,62617,10,3
1690,1,51,96028,37,5
1691,1,31,186334,37,1
1692,1,57,163473,52,1
1693,0,83,89819,59,2
1694,1,51,69388,33,4
1695,1,15,134748,76,6
1696,1,18,149915,94,1
1697,1,88,104098,48,6
1698,0,70,80160,10,5
1699,0,9,124125,91,2
1700,0,6,170226,31,3
1701,1,8,53306,98,2
1702,0,55,103933,31,3
1703,1,69,85401,10,6
1704,1,18,53812,32,5
1705,1,13,60771,50,7
1706,1,69,56398,75,3
1707,1,69,171118,91,3
1708,0,69,79806,73,5
1709,1,89,150187,35,5
1710,1,45,129455,14,3
1711,1,75,116813,72,6
1712,1,54,95734,39,7
1713,0,33,76654,48,1
1714,0,67,86289,96,5
1715,0,26,176147,19,1
1716,1,5,142351,97,7
1717,0,65,186673,51,1
1718,1,94,131521,62,6
1719,1,95,50223,15,1
1720,1,48,74308,23,2
1721,1,41,155881,22,7
1722,1,92,168303,16,4
1723,0,44,182748,58,7
1724,1,35,52374,73,1
1725,1,34,86154,17,2
1726,1,52,163612,51,5
1727,1,64,64756,17,1
1728,0,62,185257,58,4
1729,0,58,78669,75,7
1730,0,15,164520,47,7
1731,1,65,92135,49,4
1732,0,20,103195,68,7
1733,1,21,161663,36,7
1734,1,79,57039,34,6
1735,1,91,54754,4,2
1736,1,92,136531,76,4
1737,0,62,120838,79,4
1738,0,94,127927,48,4
1739,0,10,164214,77,4
1740,1,53,145498,66,4
1741,0,7,129215,69,6
1742,1,92,152429,76,2
1743,1,12,89252,31,5
1744,1,31,147447,23,7
1745,1,93,74467,33,1
1746,1,66,127410,37,2
1747,0,49,91290,44,7
1748,1,64,92812,97,7
1749,1,27,170166,18,4
1750,1,33,150823,75,1
1751,0,79,95839,30,2
1752,1,14,60175,60,7
1753,1,22,153024,91,7
1754,1,8,116858,67,7
1755,1,6,122961,47,2
1756,0,81,141471,45,6
1757,0,69,76155,14,7
1758,0,0,108169,24,3
1759,1,61,139520,39,4
1760,0,62,182631,52,3
1761,1,95,177134,78,2
1762,1,32,181703,54,2
1763,1,13,61917,16,2
1764,1,1,140648,36,7
1765,1,63,176783,40,4
1766,0,75,59741,67,5
1767,1,43,156567,89,6
1768,1,29,110309,21,2
1769,1,82,111077,55,7
1770,1,87,170333,96,2
1771,0,66,183339,39,4
1772,1,99,84167,46,7
1773,1,54,184815,50,3
1774,1,49,122556,74,7
1775,1,60,174768,66,2
1776,0,75,172309,82,1
1777,0,77,117920,4,4
1778,0,34,134882,61,3
1779,1,63,77259,11,6
1780,0,38,170019,38,2
1781,1,68,176884,94,2
1782,1,80,106709,93,2
1783,1,8,168723,31,2
1784,1,86,90228,68,5
1785,1,1,89473,85,4
1786,0,56,131911,42,7
1787,1,14,140107,63,6
1788,1,4,170403,44,5
1789,1,58,51416,46,5
1790,1,6,52648,2,2
1791,0,17,125471,48,1
1792,1,55,106153,62,1
1793,0,14,124785,28,2
1794,1,22,101474,14,2
1795,1,8,141359,65,5
1796,1,70,57596,96,1
1797,1,67,78489,81,5
1798,0,50,112957,71,3
1799,0,72,82377,37,2
1800,0,76,82315,53,1
1801,0,80,93253,51,5
1802,0,20,189650,60,4
1803,1,89,114858,53,1
1804,1,18,62151,18,2
1805,1,75,135159,12,6
1806,1,5,126263,55,3
1807,1,79,123064,41,4
1808,1,31,181773,40,1
1809,0,92,171794,65,5
1810,1,15,156339,27,2
1811,0,94,65483,84,7
1812,1,35,145654,22,3
1813,1,68,91609,43,1
1814,1,29,53002,73,5
1815,0,87,115699,61,1
1816,0,33,149609,44,2
1817,1,29,165254,7,7
1818,0,43,50418,49,1
1819,0,43,103531,90,5
1820,1,66,184060,98,5
1821,0,23,75961,70,7
1822,0,87,174163,28,2
1823,1,81,105255,54,3
1824,0,42,51860,4,5
1825,1,32,185218,83,6
1826,0,7,189709,18,6
1827,1,91,134665,66,2
1828,0,95,91352,9,3
1829,1,10,154623,21,6
1830,1,20,113767,88,2
1831,0,5,160469,61,1
1832,1,84,99418,27,2
1833,0,54,56215,34,4
1834,0,12,55639,63,1
1835,1,90,62504,99,4
1836,1,19,151382,38,1
1837,1,91,156574,96,7
1838,1,90,60998,35,7
1839,1,60,108509,36,2
1840,1,68,85540,49,1
1841,1,43,73915,47,2
1842,0,52,148901,77,4
1843,0,81,152602,91,1
1844,1,54,58999,22,3
1845,1,43,133740,37,4
1846,1,20,113217,41,1
1847,1,71,60209,46,3
1848,1,26,145491,72,5
1849,1,75,61393,65,5
1850,1,52,133252,55,1
1851,1,40,187234,14,5
1852,0,5,145563,60,6
1853,1,46,165810,38,5
1854,0,98,125181,30,7
1855,1,84,56809,96,2
1856,0,35,69419,68,1
1857,1,78,70689,54,4
1858,0,64,55011,53,7
1859,1,98,87955,79,2
1860,0,66,153660,24,5
1861,0,32,104494,28,4
1862,0,22,184443,44,7
1863,1,17,150778,35,7
1864,1,22,88729,81,1
1865,0,9,151902,18,2
1866,0,24,51604,4,2
1867,1,8,157316,75,3
1868,1,52,125508,15,6
1869,0,62,186157,54,1
1870,1,37,169381,45,4
1871,0,68,110195,47,2
1872,1,63,81199,80,2
1873,1,15,58459,67,6
1874,1,44,173682,89,6
1875,0,18,162983,16,6
1876,0,30,94480,1,4
1877,1,69,168710,80,4
1878,0,16,150193,83,2
1879,1,71,91823,74,4
1880,1,24,173091,24,2
1881,0,57,102692,94,2
1882,0,97,156812,77,6
1883,0,68,51468,48,3
1884,1,11,114071,37,2
1885,1,63,155638,81,4
1886,0,68,129971,61,3
1887,1,69,104160,77,4
1888,1,77,124995,66,1
1889,1,73,180437,50,5
1890,1,19,134644,96,2
1891,1,1,130089,67,5
1892,0,71,149318,27,1
1893,0,6,125591,79,6
1894,1,68,173047,17,3
1895,1,39,61298,91,5
1896,0,75,132993,55,2
1897,1,65,72313,36,5
1898,1,30,84885,9,5
1899,0,46,126228,95,2
1900,0,40,51199,29,7
1901,1,40,54631,70,6
1902,1,20,131810,16,7
1903,0,88,138482,59,4
1904,0,85,74081,87,3
1905,0,94,112426,54,6
1906,1,52,164038,53,4
1907,1,68,53552,97,6
1908,0,15,142147,78,4
1909,0,4,180324,41,2
1910,0,59,149067,78,7
1911,0,32,184408,38,7
1912,1,8,59116,45,6
1913,1,92,174786,94,3
1914,0,9,71076,2,1
1915,1,41,56837,4,4
1916,1,18,134752,47,5
1917,1,78,112887,80,6
1918,1,0,73128,74,5
1919,1,11,152765,17,1
1920,1,36,140637,19,7
1921,0,46,137973,50,7
1922,1,95,126791,34,4
1923,1,97,75125,89,3
1924,0,2,101718,11,3
1925,1,94,69654,30,4
1926,1,0,105935,46,5
1927,0,3,74607,69,1
1928,0,77,151985,29,7
1929,0,70,76892,64,2
1930,0,58,87602,25,3
1931,0,72,182317,46,6
1932,0,90,158280,92,7
1933,1,23,59905,79,5
1934,1,87,128153,42,6
1935,0,64,142612,58,6
1936,1,15,180163,9,7
1937,1,14,68009,17,3
1938,0,54,166183,65,6
1939,0,76,132537,44,3
1940,1,76,146308,49,1
1941,1,52,63454,38,5
1942,0,96,110519,6,4
1943,1,55,66728,50,5
1944,1,54,170638,64,5
1945,0,19,129635,100,4
1946,0,29,133587,74,3
1947,0,96,126225,47,4
1948,1,20,148776,21,5
1949,1,91,142602,64,6
1950,0,37,102413,38,5
1951,0,42,68765,69,1
1952,0,1,57522,75,5
1953,1,58,149237,80,6
1954,1,42,184844,24,1
1955,1,48,131656,45,6
1956,1,11,181026,39,2
1957,0,59,101698,87,3
1958,1,45,152560,32,2
1959,0,73,142502,97,1
1960,1,85,155432,21,6
1961,1,70,108544,49,5
1962,1,52,106530,46,2
1963,0,70,124359,51,7
1964,1,88,146970,90,6
1965,0,61,182176,96,5
1966,1,46,114435,34,3
1967,0,65,134213,32,4
1968,1,84,115580,73,5
1969,1,76,124034,88,2
1970,0,31,67894,42,1
1971,0,55,107099,89,6
1972,0,45,140263,88,5
1973,0,98,104249,12,2
1974,0,40,168821,36,5
1975,1,14,153145,59,6
1976,1,41,128960,43,4
1977,0,60,127438,82,2
1978,0,60,125968,100,2
1979,0,84,104589,85,2
1980,0,0,165321,93,1
1981,1,10,86925,76,2
1982,1,62,149797,19,6
1983,0,33,137094,68,1
1984,1,52,55395,41,1
1985,1,2,153622,51,6
1986,0,27,74050,44,1
1987,1,4,68094,61,7
1988,0,63,59244,80,1
1989,1,54,118944,77,4
1990,1,47,75293,55,7
1991,1,30,166983,69,3
1992,1,97,129444,96,6
1993,0,94,181183,24,3
1994,1,64,175254,100,5
1995,1,19,54121,89,3
1996,1,71,184387,40,7
1997,1,91,73158,32,7
1998,0,87,90961,14,2
1999,0,77,182109,4,2
2000,0,90,110610,52,2
