rasgo0,rasgo1,rasgo2
2.9645435228513635,0.23085711148858373,-4.187988503223818
2.8534942200616,1.0094404260371672,-3.5678971376319257
3.0704919445057297,-0.0580099443352196,-2.45184806595209
2.9831267444426746,-1.6333580961303085,3.192078461135504
-2.33834050703945,2.2274767483283195,-3.5892736588686986
-3.153489737604171,0.4426772338923582,3.3173009033433236
-2.653236432931864,-0.20887480852342238,-3.236297270230578
3.1909104723019004,0.34466860377497205,-1.8685205778778107
2.982560510455093,-0.04175422778058536,-3.180458994277002
3.0561269772331014,-0.7700101877690533,-1.665959335472269
3.019456954897051,0.37561996385138124,-3.2195564637257177
2.462574882592498,-0.6773307418504889,-5.76357265046576
-2.946717720806165,-0.010425868998164372,2.8626192973563924
3.573409739886059,-0.10677997960179533,3.9078078901889826
-1.8763580314170045,0.280968401392336,-3.101464208304742
3.1945331039987455,-1.4330280410317666,-2.5083599267256926
-2.575878446990057,0.5692271979507831,-3.3203998790615756
-1.793508483851286,1.0985476570925987,-3.57637491128027
-2.684174511579551,-1.40001521606941,-3.119910840973522
3.259945462723064,0.24312125681337718,-1.940767569399991
-3.190020547254654,-0.18997911697161643,2.671695479093686
-3.167729666603876,0.0035908937581458082,3.269773328111696
-3.456652769002341,0.20926384749720806,2.575573730817258
2.8309487425785425,1.3953655743988616,-3.643362455447911
3.1388010432463336,-0.21192831328163492,-1.5647377408294527
3.3332188637439564,-3.1285304606239412,-1.8664906374860035
3.2082088499259607,-0.14366655545843807,-1.989879602545176
2.846006358303581,-0.5297975402519381,-3.1588497035032495
3.2269950213880567,-1.3020421079631614,-1.0920327931347142
3.1013300017374994,-1.4695705665579386,-1.8576543295649517
3.388077329319349,0.8604648990350746,3.1344991702784504
-2.8875227704460236,-1.4111221733655872,2.8877661172694755
3.1370356501491803,-0.9595565528894328,-2.0802571078037753
-3.891915548910724,1.0104685110438736,-2.719161015724614
2.9034909116024425,0.2887116317942371,-2.098975783969338
-3.2148468987279597,0.7439138734256305,3.33394640619711
-3.123253362668377,1.218146448855108,-2.948432758768727
-2.133346607495776,-1.5719633432672913,-3.103505124238974
2.724502144027208,0.042609502515897624,-4.845664867755423
-2.8745884183301538,0.3371763271243108,-2.9461290986593207
3.207870033688041,-1.761879106258745,2.913237208564482
3.0834732813876147,0.2778932373855144,-2.7075772178694493
2.8523006491866987,1.2380946675063391,-4.692781603999552
-4.009841879617062,0.07824956833008354,2.4718105500344043
2.953236802601194,0.7102838097086098,-2.385188564385067
2.78447697947242,1.3892483108396692,3.0252264732178853
2.9236312529484416,1.2048101104505975,-2.254627672339964
-3.541474118794979,-0.7774325649640169,2.9039580298527525
3.28163320502795,0.2919323426055,-1.992127723101627
3.1098573802644838,-1.2064337881499576,-1.6094200259207063
2.77344056789638,-0.29278742320206225,-5.339038653474056
3.5056424763897556,1.4321436205735292,-1.085993240625517
-2.3076514836434243,0.30562958064208956,-3.0826903617076558
-2.0442911395186845,1.1335040519033655,-3.1781787575074425
3.1262894972683117,0.30313564147312955,-1.9958750057082053
-4.4585449796660415,1.1241426906108771,-2.234389541634692
-4.494396057924172,0.32654471633413484,-2.6011448567448467
-3.8397175528016363,-0.7218981118548129,-2.7175212362967702
-3.945901846354783,1.1289584541389486,3.5546690772726848
-1.9134594885424958,-0.9811329624248322,2.70440516551295
-3.6383132841794152,0.6626994483699771,3.9957880728672155
-3.506552467238891,-0.5609882279751243,-2.7095188455476316
3.3548294893906716,1.2198073242078797,-1.4269537881832624
-2.9976079764573123,0.009320490309201486,3.0996220124028375
-2.8128903937608665,1.5621691135413536,2.110164329478273
3.339036684169543,-0.2288026394620953,-2.8832244402254017
-2.442493648517608,0.25939559539912965,2.6325431959373518
2.803415662526795,-0.3529160621774216,-4.429565609849177
2.8732793593833033,-0.5181765650208195,-4.43466742700654
2.7235795006945933,2.005789549765485,-4.25550771975578
3.354343575637852,0.24097224985054877,-1.9285765290711014
-4.009231289936368,-0.45794941790408666,3.1727835613348194
-3.2802807231275164,0.7827250815316682,3.54363202633935
-3.4222788754591535,1.0935075769646496,-2.8950303852212493
2.6213814941228004,-0.13918390272418468,-4.59334036795989
3.2493905039294435,0.6832912448870209,-1.7584314498228182
3.253216106885735,-0.1853299013325633,-2.1327250772176503
2.8132662331918765,2.1209705906492684,-3.621906518186185
3.0086296288491488,1.0347685318492177,-2.8416110239120043
2.7979185262410495,-0.02867002754279853,-3.3702303952020394
3.0897937159132356,-0.5623809519509465,-2.3612711832585265
3.0328707459600395,-1.3013345592368228,-2.0380102484771165
2.93871482515301,0.4802865811824558,-4.83823032093583
3.151944890838081,-0.38695497314756383,-2.0352398073889337
3.0158685951730404,0.20592255537269602,-3.3466201084257956
3.2142081907909734,-0.026657029086419325,-1.8763402050750138
2.976447535576644,1.4204854327652152,-3.464349459353873
-1.7465947915163387,0.9441086509732002,-3.782379014147041
3.051801328701925,0.7040555896408033,2.2672672758605206
-3.5581799738341133,-0.06843571509344669,-2.861611353307975
3.0152952372510176,-0.11090542147448475,-3.525666912428482
3.0645524834025255,0.6692590301555849,-3.2282114777237014
-5.5881746076864705,0.05688833644007823,-1.8959952427775952
2.974242092034948,-0.6569852585324513,-2.4671214180514536
-3.132650952394192,-0.42081325575170386,-2.7524339710528913
2.7540240263786586,2.090242649837506,-4.6869642364092
-4.0183241008010775,0.8193017480389082,3.229822121937421
3.1320690520957655,-0.23358156534956234,-1.2850746959903614
-3.9336117683694143,-1.7025780536672241,-2.387171829056518
3.0006088365904904,0.7945217552271401,-3.55460227221779
-2.092429182957368,-1.4006207278262919,2.064543043565766
2.6437776423629757,0.4718451975734535,-4.169243136949397
2.9190205517912533,-0.4394334402138414,-3.821886293232577
-4.2614870142514985,-0.5563321115736051,-2.363766492848798
2.9192916482378917,0.9704690275329665,2.395606586383613
2.7682520774894956,0.5160454200021554,-3.7523249494208315
-1.350100558648631,-0.8995362793404283,-3.9610560716506864
3.16976159417035,0.9479144078531705,-2.864462110914697
-2.2173443230011354,-0.6307703637404265,2.748892963718642
-2.2249329435203595,-1.5409102581387946,-3.2948719913848175
2.9568050198062865,0.8366441896497714,4.008536755309611
-2.8648051757719903,0.030966559786548494,-2.971143640559759
3.0695275888585063,1.7100467435030464,-4.160271232342598
3.3415349268731784,-1.240075432332441,-1.9524179833522715
-2.5132429555094182,1.1469310864050783,-3.294131776592914
-3.094864201421222,-1.1802035335816645,2.7211645015318653
-3.8030861377542085,-0.7055825011231152,3.176430188507942
3.1171010336356297,-0.38314970579569274,-3.865727713539471
-1.8672661833522826,0.11595418321304499,2.824669829283958
3.0548402784508255,-0.1580952339285019,-2.32705270810317
2.9708056171260004,-0.2091677425944901,-2.576838664938643
-3.1391197361050516,-0.056869242945216995,2.402385293955482
-2.066169585663299,-0.7475451126781298,-3.751830943724321
3.1132248171866586,0.8713884607742204,-3.9520074841993704
2.8519377805262445,0.14235207708831948,4.5166703503922365
2.5712117547266327,1.5215893063597814,-3.867391064408205
-2.921799071220671,-1.927044272346659,-3.2684079861064297
2.675261647442805,-0.9838745444192154,-4.6573850309709375
-2.3254078755356358,1.9292406081813418,-3.4305283673080464
3.0075246259637307,0.13586001910133758,-3.8858461083395146
-4.178546837760915,0.1784003029584269,-2.492675454620923
2.997486642716263,1.5247147029171029,-2.556133558659473
2.6205658740081836,0.431237547128603,-4.096126874563871
2.97272492446979,-0.8065558143546532,2.698542372190381
3.3599311043137603,0.32713879527893736,-0.6194918716306148
-3.6803144935536647,0.36407469818755034,-2.7439673029496636
2.979946585987179,-0.27305739857918004,-3.6736480592213097
-4.555447587238314,-0.6128257040170144,-2.252873807406962
3.3250089692324365,-2.736119860629076,2.5576016684704257
2.8256053779210992,-1.3858312881167936,-2.8259858886028515
2.6675741124902457,-0.9329299195186115,-4.461511148571765
2.8158941993321362,-0.6411054822384148,-4.552108378593268
-1.9744244214292712,-0.4966096180375894,-3.048037546811435
3.8927634961797377,-0.28262117675482373,4.547110235045145
3.406555805637356,0.6797645209172332,3.106457633904574
-2.416779154136335,1.4824876031572662,-2.771206797414802
2.838067691553781,2.2554989026145313,-4.439308037037543
-4.4421647551645655,-1.7517375297809221,-2.2249084266323944
2.942214462101483,-1.2291017683988863,-3.642966916143897
3.026179191139867,0.3657592131802813,-2.2518147992022417
-3.1329970771095605,0.9032830051990665,2.7596434174390883
2.8840634034761816,-0.07772987277481497,-3.141284871912598
-3.3623686948050495,0.850620735507313,-3.156024839349463
2.87500578873456,-0.28068282555685276,-4.213006247855819
2.6792975178783753,2.0798393646967748,-4.580526032414516
2.8275058495533676,-0.4161080380816754,-4.588336250781959
3.6077237918997724,-1.2379886434610508,-0.8790421210137689
3.272622684397243,-0.052825529378215434,-1.7187771423544818
2.852588769321718,-0.13962733698728053,2.9631282533626044
3.1218105623641472,0.19635673003869275,3.0037288649310954
2.978242394217554,1.488546632453203,1.603762590584792
-3.7058937228961817,0.5303043363027742,-2.5451048718749014
2.87545650789171,-0.05025326932371288,-4.1727267817404226
2.8631669985226607,-0.6180351974984551,-4.072851179096525
-2.4726832692429204,-0.3228656571355143,-3.2855190785816983
3.1083164217513457,-0.24712941114739187,-3.4427572642580895
-1.7772982596893865,0.14184284828837931,-3.347690489572524
3.4072369043382036,-0.7701436099469007,-1.0466459334768141
3.6402910222637077,-0.6117031503497811,0.02568068424294845
2.605734035422863,-0.17976085814005802,-4.567904548632227
-2.8854199962133933,-3.3479774377260365,-2.8329248743391218
-3.605850384051047,-0.5497945905543082,3.26922949908568
-2.5389621724168623,0.1174815069337538,2.9425670796654435
3.1222992230644433,-2.064073578433723,2.6193798830446506
3.0061463194003486,0.06101089755946495,-2.8070137014202157
3.490083702278532,-0.17735776860541602,-0.13357942919780497
2.823789751367479,-0.7227011304325319,-3.7751801259181144
3.133282144082493,1.990882724150295,-2.490464341956626
-2.303001447748451,-0.009707510247814013,-3.3321366417922103
3.0059751034184883,1.3341660993086126,-3.160285133597463
-2.4059196522836506,0.21328224197698545,-3.0012933928140075
-2.551744864117111,-0.0641598999701801,-2.8730504468002342
-3.5784437945606453,-0.7440665230056972,-2.745830722139391
-3.0691631624243016,0.12202344214321627,2.7704657272958744
3.1655708336472435,-1.228725720909681,-2.3329198611410176
-2.7758314183862876,-1.3533331905827863,-3.1769502938148015
2.75434252611211,0.7637060720519986,-4.237367345873238
-3.00309244543801,0.9940647801930574,-3.319885034330189
3.3395802297608026,1.0585619549759555,-2.0023853642774574
-3.9714718788772476,-0.09651890100813328,2.776603953823284
-1.9520165195777461,-1.1612725193592124,-3.252872892105752
2.9010922122166583,-1.3859723940572464,-2.821245771084376
-1.3501876231634706,-0.6697252887980608,-3.7061176366732136
-2.496616028858012,-0.15849888632909861,2.7393282430095622
2.932446895900787,0.7652791151258154,-3.755375422625751
3.0382182817747725,-1.665247394975402,-2.7763685951696955
-1.7397786303772647,-1.1926579215507342,2.618046494403218
-1.8732735634599986,1.0827292048466324,2.344857393977919
-3.213034855668512,-0.7213180117526333,3.116868722387245
-1.9301522257703352,0.40128344000627614,2.3835814213541155
-3.248164264218251,-0.504170101566063,3.018971599168357
2.992695863653077,0.4307815838780307,-4.171247402617522
2.9082151727497076,-0.47372575546280243,-3.1067822394555256
2.9117460097282595,1.719527148651624,1.6508902263696354
2.93462528072041,1.6278666725851065,-3.939507883026575
3.306884207293301,-0.2436804485119743,-1.5590939060275852
2.7241106390894836,-0.6012778597069127,-5.544782398735723
-4.754415466544483,-1.0593292156206184,-2.3084652639981385
-2.4574537055523122,2.584028348057112,-3.292623916885194
3.2169995723350544,-0.44012618779332696,-2.256687447463596
2.9547343132507313,-0.005706107407978104,-3.146593065780886
-2.088171979864657,1.017870628784464,-3.1010202102753635
2.766599586421045,-0.7885728585381363,-4.51655266361132
3.1724221163476276,1.2888619052558803,-0.9523766061167431
-3.5864312388610093,-1.2660936066224286,3.3801230145020402
-2.6977320770152344,0.02637120770408392,-3.169482820523791
2.8322624261426386,-1.0810108983318334,-4.35566792343103
3.192636279198042,0.9433250341356294,-1.9429344364125947
3.26324384917452,2.1652298611830023,-1.6410245279158897
-1.8282897940867906,-1.0427491757023613,2.8899135059125314
-2.276291720883325,-0.3598629700558333,-3.1741914809874694
-0.9108943177278652,-1.0533908055641952,-3.9224026174928284
3.1869197991950804,-0.8577344704789347,-1.8894426205118424
2.923100415710616,-1.512995884209654,-3.9482638873019846
3.016608275019267,-1.1852733532247959,3.4678757222907572
-3.264542935008273,0.4729650646874682,-2.796190349711347
2.983752641221736,-1.1859868156939555,-2.861342213869256
-3.2764506449892257,0.19868094237706524,-2.6798365680901055
2.8585383928737214,0.10679664405195688,-3.596130363547251
2.845199518873056,0.6697910538557795,-2.877346640594905
2.8918883413102647,-1.2282150185436402,-3.427838486401051
3.3534149198437335,0.9086673305832923,-1.8590651184868912
2.5143739749846103,0.14856164917378314,-4.460557170139567
-2.529474738441722,2.6418198653642913,-3.1343307382317356
-3.056864045068403,-2.17129504566841,-3.030052725902714
2.8802137664876732,0.14788114564528523,-4.249410036972689
3.1785139815268297,0.8771923390738752,-2.5405066104767013
3.184718855245659,0.5620837013148755,-1.0266796966076799
3.3292901288027474,0.6284931796560338,-1.961001040572663
2.8738939593740187,2.7130110632639,-3.756042540673878
3.202192052061706,0.6823776830198331,-1.5229733346020295
2.8928718372193343,-1.0092583031995626,1.405449999736182
3.2187973586612144,2.5466449139782728,-2.0308995103417438
-3.8806966676670998,-1.4128150491562903,-2.4610273923641253
3.0726542453444314,-0.22817632798101395,-3.7020408955026682
3.41215825930774,0.917381651407716,3.3625900341890445
3.4883440210663457,-0.6985330778970333,-0.5795724682901491
-2.011980789079253,0.7520013706072071,3.11383619616176
-2.8692404786243193,-0.42101035604261333,2.996908836843966
3.3216310602529475,-0.8629581819146919,-1.4062757598123854
2.883449492601774,-0.26085447842926635,-3.0929174152625474
-1.8158053363268445,-0.48860470533088823,2.302218951052055
2.9404643536116897,0.9096564198725116,-3.3887725129613973
3.088657421385819,0.767164323925686,-2.672821945185192
3.070485679769609,-0.27886096975576363,-2.5198290795368785
2.9744658056997486,-1.0989855224532525,-3.3094223017019986
2.693628135429922,0.7031517356289343,-5.016751663264889
-1.9490973796342126,-0.4393523352610152,-3.353768547562181
2.6526957463244427,-1.057867533254053,-3.4614037862509566
3.0043090180712526,0.000609378214822248,-1.5938774660153037
-4.21581558498786,-0.20170381544535756,-2.3814563034731764
2.980645944715689,0.22350097986041534,-4.035074362620971
-1.9282102087254456,0.682005793574585,-3.348031706233688
-2.141172808843098,-0.0971498496828803,2.2052369824173375
-2.3461347573289246,-0.32835686639695155,-3.4367515081270534
-3.491323648398998,1.8925403869981656,-2.843140502260499
3.2891758176546966,0.8685876644153666,-2.544590085161264
-3.3198921450229513,0.015024505767164254,3.3257444548428463
-3.2144170165950983,-0.9530759321549367,-2.966895141337166
2.7799414267321683,-0.30020134473078364,-4.669380984178308
3.04240122410624,-0.5298181119643024,3.408887916698008
-2.3453257089041575,0.2351547459304153,2.978230333403975
3.1631416410456996,-0.3096234413973723,-2.182446945590896
2.988579763839939,0.34401463515592967,-3.701434251782712
-2.104356602505581,-0.7433726438820734,-3.674839121164271
3.05937183901945,2.5003044493611943,-3.387682241848278
3.163023160846588,-2.687097413592278,-2.8999035130786806
3.1271165826658,1.2794263341087297,2.3231517758973887
2.6910865825269408,-0.9053223735908803,-3.939203131474134
-2.134112322575593,-0.3922159109465514,-3.390001250564077
-2.591001236460909,0.0032246045292085596,2.1973327283011668
-2.6207276919833573,-1.1132536080241473,-3.1657818891404808
-3.5504050667259976,-0.04772045913209651,3.906071090129225
-3.5731926902067137,0.632418781130809,-2.8486150944475046
-4.240648473325619,0.9436149565000691,2.9484580663751014
-2.888265898337159,1.483732610949413,-2.972442061826861
3.3441565192497174,-1.4821323317316892,-1.5927915929696155
2.667145498062432,-1.276160671003162,-4.786470589566685
-2.996746882304532,-0.34763830523572753,-2.972663314767251
2.953633457714331,-0.33460616703393187,-3.019579240027579
2.700237676946754,0.5639672881918496,1.50101517298016
-3.4051620613009805,-0.26512487787336747,-2.6722567940731516
2.911046168395834,-2.863874793923647,-3.7676014854822215
-2.1132228002516924,0.5552674360412486,-3.4397439308153688
-4.43315432419807,-0.5030332416747283,-2.4225225537283763
2.7487280166445203,0.5476144356204028,-4.49432548521755
2.9825838308477044,-1.998767252003063,3.117746205029666
-2.3135405659735415,-0.13989993766890044,2.6647313933846957
3.0890555087124794,-1.0544993432644607,-2.869476358337625
2.8093761639014496,-1.0442891619395818,-3.882559575359875
3.334432366383532,1.1113474554712248,-1.3090333012423623
-4.5982778154069806,-0.49985846988312926,4.0428495846668
3.0934571951380483,1.0722831932378454,-3.144357313814293
2.930683073018751,-0.46916850547069006,3.2347111316530994
3.202733622478149,-0.4108906329361945,-1.8579535502323272
2.967157153433232,-0.9035452574846726,-2.944092032688841
3.1927574043957896,0.06344494357296475,3.6409663765856806
2.242005777640277,-0.47920220090550786,-6.490612682053589
-3.94142952277361,-1.8989273882834241,2.7100767821935916
2.712239198980396,1.4040479376311659,-4.375374009478105
3.067846964440736,0.06482072739418215,-2.2422856997741776
3.4093352296316937,-2.996624740569729,-0.1376629597949668
3.29691629860217,-0.4124198461042628,3.121308818252764
3.5339270712708317,0.20221679784142751,-0.6848775075930189
-3.121855319843012,-0.6327954299848693,-3.278136826843256
-3.5282068591023785,-0.8945520846156967,3.924868453848946
2.772638212803975,0.5813940260316538,-3.865544711536244
3.118265942480987,0.27035207710821785,-3.008716444677255
-1.4447666247462927,-0.023709399007125452,2.3915118289908817
2.847319733140466,0.1348317234968403,-3.0480110349699143
2.928520826317895,-0.225774045734265,2.786458614951838
3.113168860131629,-2.1351758590253453,-3.167389309768466
-2.396121781368752,2.2152839233446238,3.1647128528476745
-3.929196709021349,0.4370542739843736,-2.5512764231867395
3.3595623207174166,-0.5734775809910423,-1.6460575643452808
3.1253475346053734,-0.42871010060244563,-2.705182271436228
3.580894622131766,0.36262174227221494,2.908233354990393
-2.1387306462777573,-1.3739142636871595,-2.898719901307246
3.2948386133719554,-1.6750784606485847,-2.339579084437192
2.7846688531286055,0.13739367566848543,2.5619502884248373
-4.39583260761882,-0.9341245084496855,-2.373589933361365
3.0530479083550905,-0.7899326478042961,-3.1860317843831845
-3.281906140843097,-1.0164881992550279,2.5810997667195243
2.8318858367698554,0.9566728777151906,-3.6549105635924795
-3.4700344057919588,-0.11740363369019453,-2.6464634121988393
3.1114838150440525,-0.0006875710689167519,3.177735992478106
3.186706666595857,1.5594303636333262,-2.129468261164706
3.3216561951538677,1.7943748981006633,3.3169926706866284
-4.274770413918819,-1.4353702316084662,-2.4039101563497836
2.828924458786859,-0.3718453445863065,-3.417223173085381
-2.878105639198779,0.7516029098166541,-3.001038300989677
3.123944176337331,-0.22307200632651603,2.2296380190524845
3.038658328248742,1.6756023033997798,-2.28852009998355
-2.583204790726766,0.9346423147019273,-3.0956547723086394
-1.601106297431372,-1.366978733595253,-3.84526999334412
3.2082499231085824,0.3354834219623745,-2.0172283612844777
2.563491214530524,0.4238604484429015,-4.676056241302762
3.2772727527797336,0.32753195974267574,-2.2695378906072774
-2.6032494592757867,1.1415610111963046,-3.218933023630045
-3.004564499870228,-1.560693978323418,-2.992045833300372
-2.6163449432881647,-0.2871091288475664,3.2593061597570774
-2.5610309398904887,0.6872281383118584,2.9278486033395836
3.565900820365334,0.5906838890988366,-0.0012418435586480925
3.42752108755814,-0.09028792622844527,-1.2974665353998691
2.870292258827136,-1.5682246254279137,-4.013651449387826
3.136856801035361,-0.6890582970337629,-1.7245275345937798
2.9400294934782165,-0.4614768328288032,-3.2225874519085957
3.0749741169965636,-1.2966813566172743,-3.762984462872966
3.1182593129260647,-1.6790419675740733,-2.4092997787239003
3.014903735689008,0.8796646474424512,-3.1678013126735953
3.473618360783883,0.10072470937495745,-0.3655109357987203
-3.727509567054262,-0.2917214809943801,3.349631139003675
2.4263099484473774,-0.329219070711015,4.096390967787878
2.974949849481362,-1.5361208405412536,-2.989859368381574
3.0430108119158734,-1.735510393904607,-2.8611048244484314
-1.3537372896003312,-0.8963880046572498,-3.7993215615329645
-2.728270177008228,-0.6429553242019593,1.8363206076492704
-3.1031655297403984,-1.3060417556598487,-2.9595292048343125
-1.5946996276400758,0.15709788732987895,-3.832178007211957
2.808690568810279,-1.7038674767811208,-4.192210481379002
-2.6264208958999826,0.8195411424602065,-3.1371983235840286
3.168554441025766,0.7486164366020173,-3.059975459081206
-3.113056271749248,1.141697648893721,-3.0442484199966033
-3.280615183973779,0.1701643932181595,3.04104822672225
-2.74664902199957,0.7810430521385185,-3.1359469237623907
-1.8238410253616026,-1.4331170922457914,-3.598111230152171
2.9399578457932334,-0.6731651720847794,-2.981907055238877
-3.741267897636577,-0.7773671064225228,-2.78395874991243
3.243855561258987,0.43516505996986865,-1.4606863323574024
3.0019386369450243,0.47195509222568227,-2.3314505745576657
3.6961975015792765,-0.04300251437278973,2.4255221506674665
3.3532146607104227,0.9107638585022255,-1.2703942168090598
3.201685995419941,0.07133970179461496,-2.1160995588776026
-2.842962156628838,0.9191159426249286,3.019478579926435
2.7997211182759276,-0.1488774827463279,-4.155337904173685
-2.7500676999684797,-0.20953627235563202,-3.031076945985573
2.8517829739566265,-1.171851062545171,-3.670086772443176
3.172646709767741,-1.571818503926822,-0.8265512435871742
-1.8652942949811286,-1.6471977561537625,-3.976310611156519
3.120108602765211,0.21230943809193734,-3.150862883819647
-3.8638854277591244,-0.200596417971003,-2.5223350454343905
3.108388056718896,1.7185978919774194,-2.27702224497941
-2.3170641881960545,-1.8297520211249558,-3.305653734220365
2.8084716354471544,1.085960628444868,-3.8828788081227987
-2.7290794031777175,-0.2588490460500749,3.0139550541500912
3.417093183909411,1.019661655887739,-1.3122663285848326
3.1426326728006537,1.6019969311845266,-2.3796723701118556
-2.156365040323936,0.7197231087907598,2.2993710157110963
2.96411347837628,-0.8148637430824293,-4.053687133581547
-3.3803308103538345,-0.09154915914856632,-3.0251672414178
3.189904741014327,-0.43987469971702226,-1.8316640950733756
2.8974168807736302,-0.5993332912372993,3.1519466879808165
2.902319191891476,0.8227374374372142,-2.887611595510722
-3.4557723238710167,1.225659747482322,2.345737469603166
3.034412433584886,-0.2767321314798876,-3.347781074515073
2.8298059830532662,2.021956132979005,-4.358646739691298
-2.9906057771917873,-0.013379869518538492,-2.917673873957784
2.6851639660025284,0.5338550083872133,-4.864437755078898
3.368741680615915,-1.2465341527052742,-0.5822307823388546
3.2426379925269275,-0.3508497294686793,-0.7149640832403201
-2.2302684244798803,-0.3269839322831843,2.7020417583686047
3.0486562894236973,0.16957103658383263,-3.1307921910954204
-4.089462178724959,-0.8374049054257547,-2.599061476262945
2.6924261758495045,0.824811228678691,2.267460601315331
-5.21758910468508,-0.511498948052335,-2.1870695427093514
2.960406448920758,0.09208306551101264,-2.7036002552620184
-4.259564078570064,-1.5253565208385473,-2.207669189297266
3.446981688641096,0.7451094694435872,3.7499917778165375
-1.7793044815697088,-0.5301572256733261,-3.6577103192718687
3.342892024555028,-1.2311131317959865,-0.8577540757610924
2.8681530006594556,-0.3477524950296666,-3.919107754052063
2.824095719039346,-0.5073122289027678,-3.2477728473095997
3.1719195482503704,1.9145370085435827,-1.5658304697307113
3.165953240249865,0.003255090615911595,-1.3844138833119857
-3.8010932938182034,0.42907665778282933,3.1540653117842234
-4.616261314137333,-0.02004318200418656,-2.317910141929037
2.8845832154247484,-1.1355129815201712,-2.979259078730644
-4.856141630902357,1.0853491038092926,-2.2025463294456165
3.6856544953837895,-1.2229987516766727,4.406166625734393
2.891046197005171,-0.6996728907097047,-3.0660003059170102
3.0162434025937546,-0.013099586614200439,3.6524367454569986
2.4493990614232923,0.26169128473663233,-5.275387870821708
2.583533247556043,-0.7671543284604828,-5.097505033676706
-3.165529707624325,0.3765044772009588,-3.0421657648784106
2.89833115125496,-0.10712065624677837,-4.228534512678324
2.8905770754346203,0.8273702301773364,-2.8667650796444493
2.863759112521242,0.9327804741814062,-4.4823736214123695
3.1905752919469625,-2.3904496748137745,-2.2378260183323584
3.085361874570475,1.269042072000544,-2.717410718439636
2.9662223251180735,-1.8676059151744442,-3.3747839094805268
-2.654586656780978,-0.2513960067811598,3.171781036010317
-2.3858440329900636,-0.9196617054254167,2.4041104666096373
3.0207713514204917,-0.9038684274039155,-3.219583728202861
3.192465573770484,0.08191272950618905,-1.9721496993255874
2.735347116568245,0.8130184282950325,-4.581647375270448
-2.347854592893711,-0.5189153317288818,-2.9885465702977596
2.8655569265049294,1.0281464654692591,-3.650884983671343
-3.552709507343178,0.26031550955692817,-2.7862090803248853
-3.88664353993775,-1.0113887788336884,-2.783434599720457
-3.0315451817906878,-0.8266116993667098,2.6781353241556287
2.896851451987765,0.812404843686772,-3.0986104421454765
2.77261251194894,-0.1365021176504472,-4.650976506425769
2.738524405836496,-0.23976072781389093,-4.161946566413802
-1.9513792025759324,-0.809661157315471,-3.4034981280525636
3.1237698944309433,0.6600780203752606,-1.1083914216918225
2.9301464863741984,1.230512365333964,-3.3740178127123692
2.745028746986526,-0.23687471672845734,-4.7260822374304
2.754598136425114,0.5125403108066245,-4.134275709301314
3.25371973773641,-0.9870561035716917,-1.0705687325298752
3.0911122584542348,-2.3100045578722264,-2.6449835463331755
2.7154606294836157,-1.045561226893879,-4.856235934016218
-3.1783062394622963,0.23303535493324093,-2.969700976376198
3.357600863376265,2.3450360753952775,-1.5082903940455163
-2.4907485334288313,0.032515666653612024,-3.454641837140321
-2.937171593549519,-1.1926164819906175,-3.130757007961054
3.043266117475775,-0.409080446703835,-2.4153952941456915
2.9658169869848683,0.1649419504430018,-3.036776343067173
3.0465809729172184,-0.9191900131886261,-2.8521613179091028
-1.8310023689946573,1.691583471944868,-3.3623218770042036
-3.9575400009005692,-0.27308903243093646,-2.5743826144214084
3.4641296200514606,-3.019407427660809,0.02734539317718987
-1.2009520525833641,-0.34652765563462856,-3.5501556807819235
2.8440493205350164,0.6231663916638219,-3.1515155418586303
-3.15862872833839,0.3935495505236892,-2.8310267354583645
3.079626897608768,0.3581605382175692,-1.8301138691168397
-4.225218232431195,-0.791015937386951,3.34702585709442
3.1357765896576675,-0.39847810727010197,-3.3618866963126153
3.2148676020514473,-0.3879652463102712,-1.5370204752784142
-2.2273157911086576,0.21494901193222873,-3.406667896688103
3.1897744253636615,0.8711282930807579,-2.9988792802766784
-1.100112604562835,-1.4170109346392215,-3.7333347748587937
-3.9182401549427253,0.08575268625214996,-2.4615824814740677
-1.2636152948489798,-1.076794868617526,-3.8346611044321532
2.834518598928393,0.5096325790192967,3.918376695453264
-2.6624992304065187,0.5498527019672342,-3.128570664035031
2.802606924926695,-0.7328232655016605,-4.232340983146582
-2.7169911377414637,-1.1718994646452707,3.862261671024054
2.6711908661332293,0.08953399132664516,-5.739248604198195
-3.088519524941255,1.0503807633549473,-3.0477417482571036
-4.009225720202882,0.38044637110320373,-2.3328515574822
3.7095921996053187,-0.21469602377434674,0.5438846679491847
3.2165953067104316,0.12859865983662683,-1.6513843885239947
2.6015964566289638,1.0043302505994267,3.119228537760679
-2.8702864423151415,1.6437663877801818,2.525756002923482
2.9278271798901625,0.8018651035715829,-4.639210597622256
2.9425034894320268,0.25193686163704676,3.3000477098233167
2.8895582451130695,-1.3527547691311814,-3.597125329506036
3.0360123831360157,1.0963994119869456,-2.7415633147750866
-3.767408135818827,-1.0607495834456413,-2.639404655577027
-3.092655024628035,-1.9815777910120003,-3.0089345619707992
3.23152693768099,1.4138390419590796,-1.3820206135043744
3.0420838359738482,-0.24650480036604985,-2.7232104954769696
-3.823675670630065,-1.7886613835561218,-2.496053596173573
-3.4527420706936787,1.2000905543538274,-2.70524663577043
2.7661284234535355,0.07172489301249604,-4.2239267970158645
-2.253785693275744,-0.8096089633242426,-3.182926068939832
-3.570408369378774,1.0045543436077833,-2.9482699600108275
-2.92248700653354,1.6737394799509562,2.5655327185000236
-2.689404567816857,-0.9368940874881796,2.6105913027856484
3.044766814731181,0.13438178825755137,-2.5115657990132725
3.4420477132572254,-0.3853794950524074,-0.8482079617871614
-2.2925783398800212,-0.39105248675237453,-3.492585993497465
2.6110490585462056,-2.1015511261149316,-5.114082411328528
3.599540134523695,1.0076828062955399,0.030715518591277746
-4.812054986744106,-1.9051493261612416,-2.2273877043393164
-2.3885693261720657,0.7751899857247961,-3.2020411378430533
3.47068898347704,-0.8667350793683767,-0.12913899792052908
3.3624815802809622,-0.36546254228165004,-1.8715443102351896
-3.081137396360507,0.4826347107814809,-2.9616799626325903
-2.460180224737247,-0.5139443142330506,-3.3774292267410932
2.792624353286944,1.484309517595777,-3.4838812665043903
3.169963058950416,0.5561825185061015,-2.1203817452206133
-1.7353184080434505,0.8155335529125933,-3.7696617432516915
3.049101522087177,0.4704832440892556,-3.0025977346477535
-2.452293340899641,0.4573668303198782,2.5852740594593344
2.8053419128033426,0.014469307707811765,-3.965994855502626
3.23040933020146,-0.5122213499089097,-1.5801486718070192
3.2673812308537236,0.4414029581532969,3.0227461041142836
2.5608562043394825,-1.0879303299339866,-5.462210445080433
-2.2416837152789055,-0.494408758577776,2.8772635309242895
3.1686263853598535,0.7762957910457219,-1.5712201960402532
-3.257556381519073,0.1719230090307169,3.3146310640299412
3.1223545780882676,0.0049448557945326,-3.092808825921649
2.962507152515483,0.21721870286202163,-3.0578402743587434
3.095124167127541,-0.5836939486730396,-2.865308281678336
2.8828006034315115,-1.691566207504022,-2.7666811352205047
-2.358964985126288,0.4791257280063387,-3.3297470961969036
2.925743019253446,-2.098491029465616,3.4665078628609627
-3.5321803226910906,-0.3355442909945158,-2.716878311873895
3.037324988165515,-0.5176268661213942,-3.138265823209274
-1.6127280292373682,0.39574734551575136,3.2504006187895165
2.9256316033521057,-1.3804849699425312,-2.6077630863105696
-1.581315325226722,-1.333970145046256,-3.6821936435482145
-4.015093337238097,0.05982677905406325,-2.645248864337221
-3.6005522811466046,0.5934083621952743,3.3147473802367116
3.0533644764607466,1.760553677121595,-1.4652027528327012
3.290715556791284,-0.4554606525301818,-1.6749817667244957
-2.5926840737684644,-1.9783942954853337,-3.260544168884662
-2.6959268776550074,-0.7030678335497363,2.15241627233899
-2.7407344534017235,-0.9383052193850187,-2.830062839080498
3.003820228008021,-0.8375437257592941,-3.7173572343771646
2.800295428240115,-1.4898321446293386,-3.859278319343302
2.83417753469441,0.04021639067071881,-4.657951196224277
-2.37288804555737,-0.7576311978953895,-3.2839618510821644
-5.219931319452323,0.8346558898087096,-1.9179428341358764
-4.512032458648719,2.3855453839193115,-2.402879542838326
-3.6195751259373434,0.38476805283032767,-2.5929001035302064
2.878760913322391,-0.4474895888490724,-4.003387088250893
-3.1424913488527855,0.47167565727806376,3.5542254055093623
-2.712248839415072,-1.0643836884345361,3.1111437987075092
3.0218305837026254,0.38259503591800653,-2.1163583420792387
3.4935404543893602,-0.030448336619572847,-0.49183423510140223
3.1703672095128854,-0.6944066673285324,2.759505974321998
-3.720123097558564,-1.013714312477729,-2.654316178768038
-3.7329326645304617,-0.4534252721158739,-2.8860705995479163
-2.7496671901653547,-0.3693188484830567,-3.2524230779093317
-2.1052489106479064,-0.12262379887822161,-3.5062026130989454
2.9867952440944663,-0.1173436976231152,-4.106733682210031
-3.475639499073085,0.21567505841804865,2.9509230320570814
2.8784606209841086,2.5508494212796156,-4.544287985740354
3.6428654603901327,-1.1511681934480984,2.5342481722823846
3.1948198144644566,-0.38417406716625735,-1.4416570637295854
-4.155977014810743,-0.8678646720173855,-2.5967298815169917
-3.469767179612934,1.1648689846883409,-2.623967303091651
-3.248552402708977,-0.0550423219772524,3.758588689829923
-2.943905133628402,0.6911336587227731,2.4010146924314224
2.92801475672249,0.6829288117845724,-2.873495210157164
-2.918496703038903,-0.2082193710468221,-3.1713584787120364
3.0656187337482192,-0.8556012205892112,2.283052171233378
2.7268989751670554,0.7412759982988807,-4.1740259193558025
-4.921096457566383,0.6156657203768259,-2.168607329165804
-3.660084102196743,0.5727497593113537,3.398918425503419
3.0790108810814276,1.1582137359697569,-2.6763605443804095
2.991692839517685,-1.6052656905034322,-2.1589677255626967
-1.2089473858244602,-0.44827516227278774,-3.8436024705169927
2.9131434628942086,-0.3094288244014199,-3.068257081595945
2.885667035341689,2.2355144852273026,-4.511401475942212
2.7465962979447425,0.056135956247284874,-5.148091848279235
3.620578055467558,-0.21362161488184386,0.9664724797810393
-3.368804825642113,-0.08259830581492174,-2.735993916964686
3.356859021962655,0.4367263669408523,3.6616251816954644
2.7746096446639714,0.1881293642512154,-3.8886011659982795
-1.1224998334672873,0.3128215529824687,-3.6999866634163645
-2.283327888055748,-0.8261667256819287,2.6878441568877864
2.8786907595018434,-0.7354911843679379,2.167946232309182
3.1821483874083825,-1.9996827784081193,-3.081498511917463
2.881731162962726,-0.5826636517233664,-3.9857868863909216
-2.804222721504465,1.1128711952314323,-2.9591308769462565
-3.1226649452400337,1.7732481703155885,-2.8850364494108147
3.2817739359413443,0.4587950028428425,-2.772603931936043
-2.4977437819328965,-1.7768983951403845,-3.0903684506428157
-3.0960171736788786,-0.41627739781297207,3.150658558180324
3.0628920523053975,-0.46088924759961475,-2.265484446460201
-3.523534917730896,-0.39314905253818655,-2.495361660159487
-2.92431189536026,0.6038306371941426,-2.99531735965974
3.220560675393941,0.7591083013371956,-1.1182782955262665
-3.9519987951137177,1.2310539936790634,3.781262603397953
-1.733482869910532,-0.7153417171780245,-3.6425855286079747
2.9754987102868338,0.006735939945513168,2.87087210975877
3.2282056611787207,0.02743720141292902,-2.051126045180631
-2.6784168134566517,-1.3148573296392398,-3.013759239113564
-3.4207365889988766,-0.034569013829279516,-2.8219395704020744
3.0856045901236215,0.0129467857863603,-2.4356687320891255
3.083855908364264,-0.5099159547280564,3.7164138240118474
-3.2438642418410373,0.4799514737324836,-2.950548779556543
3.059030705543531,0.5579531440141776,-3.098212017727719
-3.7640321674278434,0.26541651940839467,2.8637988505050465
-3.5544122620574536,0.04988493441188015,-2.723912759387329
2.6403705402814213,-0.05592044518677874,-3.5876717851871383
3.0331503110244156,0.03856519588375324,-3.2895282970861284
3.366987830873847,1.4900505316657835,-2.1792441322431344
-3.778890206734353,1.2358320048873266,-2.4670480538997563
-3.916894906877312,1.5709116451092149,3.1218934557125984
2.7155801336127836,-1.4308928450694052,-3.8504353388454966
2.904500614923584,-0.9363622517647272,2.2410553018351695
-2.8192900242117025,-0.11644091003767817,2.7320136635826153
-2.312962154433218,-0.7296378265237722,-3.387434948505502
3.29006798409443,0.7894832012346278,-2.7566718192431954
-1.6873011626824126,2.0727766494907622,-3.399761207391008
-3.4886227554754132,-0.01830601492847833,-2.922286517517434
-2.475882385909867,-1.2697292347948324,-3.357290681164403
-3.2057754435605794,-1.417850489440424,-3.0438366111767143
-0.743608817746253,-0.9799604146712703,-4.279872763654981
3.3928598659581746,-0.21478408085600736,-1.5128543267391132
2.7464985842558596,0.6759769465332837,-3.636816718602357
3.341582491997448,0.7200673716744062,2.103458238178588
-3.2055319144599936,-0.09720170492441414,2.9057456230447913
3.304472249254752,1.5597029755370957,-1.8541829661359686
2.9860704262825366,-2.0912616272586435,-3.6299388827077856
-2.018131969471052,1.1827269490431327,2.897712826579248
-2.1252265782918567,0.20158606021668654,-3.4345422061758146
-3.1904643093475187,-1.3403052508033049,3.785689995407265
2.589191233152506,-0.9816493632046221,4.126989746992644
-1.5554898990519501,0.27502990940814304,-3.648080433675907
3.2114010047895323,-0.13153705623320197,3.9132409864442854
2.4854723669238266,0.5574912913391553,2.953422865010389
3.0749322060969857,0.1466408883585572,-2.4085211942121805
3.2535491034893793,-0.033794034878362175,-2.865736516132937
3.2029506586788945,0.12656878026747492,-2.802769353158827
3.080538261867712,1.4588047637614354,-2.839783623831671
3.2372186918706616,0.8492042562711201,-1.2654323331478772
-1.828799650959091,-1.456316583949022,1.9803956950824522
3.0717086418280704,1.4003979363099375,-2.054319246146646
-2.824802980015089,-0.12248541984846838,-2.9750806384546014
2.917857471220795,1.3150832398082777,-3.671778066206405
-2.8112086213501106,0.8116963256423704,-2.670347847208232
3.520561511395594,1.0143331370658208,0.0785992921810088
2.677465747999207,-0.08127601262198504,-4.104750370936795
3.020416558518588,1.1546019627215967,3.625502022771144
2.903640688966496,1.0151967026537692,-3.5150437868164266
-1.3309921733238148,0.04327441151254533,-3.6018512944491317
2.8629230489029776,1.7570434688028453,-3.174285268341459
2.665137289153775,-0.7404321748192876,1.9420860747462605
-3.8747899213276273,-0.7993963486415069,-2.6688356382362834
3.40176106949842,-0.5510064160121511,2.8062940491981925
2.605280905163496,0.5338785668522054,-3.579118410626961
3.007887881214089,-0.11221381161201427,-2.516351337669899
3.5451229203515764,-2.0976718883518415,-1.0897865706147114
3.0683669436006538,-0.8453581472165892,-2.395766390904365
-1.3227768266795945,-0.8812367485672236,-3.821748023004141
3.25001879793121,0.1780804550895088,-2.89722781670224
2.6193692651137366,0.27526759012626373,-5.273167813702127
-2.0921296853802254,1.0159039535817556,-3.5215854383758254
2.8297900122190645,0.5843967238847084,-2.6121253468357777
-2.92816755173083,1.1954022694128466,-3.024734106142037
-3.1121082685708927,0.3813115827056151,3.8361277507474836
3.0859986879943353,0.34750849910169007,-2.0477938179014337
-4.563063007246434,0.2936533300390356,3.176678075255293
3.0757219082232394,0.827419608542242,-2.5195506969949797
2.7980192063183598,-1.1562338307104223,3.4863371429877827
-4.96995574363191,-0.4694024599282994,-2.2904320614239975
2.922003772615892,0.39009237907637,-4.314772217410765
2.4071385235905254,-1.209106714422494,3.745641180485909
-3.7802086559323094,-0.46203086208870575,-2.5308920741531677
-2.8665283766240326,0.17105306026091094,3.2681983621362485
-4.427154830685447,-0.9870796061040058,-2.482388315679197
2.8243820453939397,-1.595854701830859,-3.2567919761745276
-2.106984016093781,1.9948682859589701,-3.4585485880983775
-2.7049356158975044,-0.008993188813288743,3.314609570047484
2.9647741396180214,0.7905180543978105,-3.517578035414774
3.5543773235368095,0.8587290215084282,-0.9715979891672681
3.4667541579336305,1.771998029374053,2.9421006591451886
2.924096648444651,-1.1696690982788243,3.1606333448633723
-4.034281257673024,-0.23654082450328384,-2.637887667455054
2.5912534829728244,-0.08443805956074804,-5.447219567016813
3.1430727348983964,-0.32425209947323924,-2.1824149120520295
2.93340991214919,-1.991033578398716,-4.578099337669284
2.952526147089991,-0.31653569936303805,-2.7372345183963236
2.986719489563949,-0.21624347102792849,-2.9438778079341246
3.1149331564516234,0.1638361388135527,-1.8182190438007275
-2.5818727276460884,-1.4707404152401207,2.7119842550200697
-1.9160803219315798,-0.46733176724489833,2.6066164416813358
-4.917111773143777,0.6978061274736213,-2.048477701275446
3.1850853170937214,-0.17967407962862686,-2.1164698491755
-3.1937736895287947,-0.5867537938825825,-3.0206358490483676
-4.369686064550606,-1.6382345509550948,-2.33234239727632
2.960939855017323,-1.0169439903117268,-3.4283869406670493
3.001632682049706,-0.25432053519810843,-1.3724090085865865
2.8926233670039334,0.8262477336840205,-3.6630512969359863
2.927723926490776,-0.6793141008715153,-3.3061218378075403
3.2690405042743946,-2.2102571585583366,-1.6276709932407716
2.915861750264145,0.9126565788313679,-2.594626262402802
3.0954387018022076,1.0579706885348008,-3.039885881320734
-3.0187899034200707,1.7555823336894416,-2.974129281674032
2.8338373559387664,-0.34781602580413234,-4.007840251619435
2.971241764894403,-0.5793835000252355,-2.5034419890097883
-2.3499232290466026,-0.1776985027368972,-3.292335072603998
2.6451655005207275,0.9857223937388778,-4.890778711306727
2.966128026291265,1.870724850215347,-3.3947679045087424
3.5752346377577235,0.02621238523755362,3.2819877212385977
2.999369417363936,-0.9313307015290299,-2.0337031386631104
2.662475496540473,1.876446212968531,-3.6904624979673883
3.1630520383329683,0.27974210182543563,-3.360510724411186
-3.287759121876315,1.538747736980198,-2.803874437546932
-4.49432448346157,-0.9702780155527188,-2.116573656556314
3.35841389959172,0.09034051189772743,-1.210790473529797
3.201607457509728,0.7905709241420447,-1.7431710424134015
-3.433883345271509,-1.1149570384188474,3.669529231489025
2.764916811899531,-0.8591302480688529,1.8108949113757917
-3.1730878615019638,0.7265696957233149,-3.1741330278651265
3.016158606697127,-0.18813410646142395,-1.9281353449531191
-2.9966850582956237,-0.23926901786591023,3.0204948616719696
3.2117822740149875,0.2055685670042291,-1.830105159063175
-2.6614677125725796,-0.29502870609967635,3.5641581391991126
2.610159547287937,0.11664300673038719,-5.299188907221829
2.4494238859437862,1.6758001877283568,2.6141061842710136
-2.8934834837915857,-0.3420757154305821,3.291458682491348
2.7738922591321735,-0.2689022645422805,-4.037084555020405
3.037235771427021,1.9920616789634853,2.5574405754704674
2.580848026020814,-0.04146749570384011,-5.929805924935382
-3.328609471222,-0.5123408267891076,-2.755462370628028
-2.9190906747719287,-1.5318882786826196,3.1100089084062774
3.163328383404128,-0.24896546976119796,-1.5831088655010286
3.1934228191112397,0.9432837374028282,-2.364737125587922
2.6842446117868164,-0.5108757205986558,-4.4539458393282985
-3.0691904137013712,1.4719002726153554,-2.913362311566668
2.902748756730011,-1.2288644853969868,-3.4867327803478436
-2.7006548421908017,-1.097046207101971,-3.260897560477661
-3.77226990585225,0.7436544499205615,3.5296932085251225
-2.825905696866405,-1.2548169684475925,-3.321381361035511
2.8008131403302525,-0.6607435099943613,-4.642058852259831
3.019180799089657,1.8652668650431539,-3.9715150194845177
2.9699130539613092,0.09009284154631347,-2.7462966602804206
-3.4591392856308074,0.20364844402011475,2.401771842568908
3.096179356802284,-0.12685352251371348,-3.645706894305424
3.072416222577557,-0.3181561191031312,-3.2832741176675184
-1.9658332350000527,0.5444561973832956,2.7116456553325854
3.0659910723736683,1.8846227392358181,-3.74048279694205
3.137708117690622,-1.2808798774281296,-2.460254183525435
2.742031852494622,-0.7508791686549904,-4.233734948384899
3.0628417148247573,-0.09869970629628641,-3.079841901760272
3.2049627208349376,-1.0998331371790369,1.7397498690748863
-2.8724718443505233,-2.3020320533447176,-3.260692928383082
-2.8304581198796024,-0.10998147610100936,-2.8284696457908916
-3.125320873051349,0.48951885074357804,-2.7805787106452113
-3.7657906061403077,1.4753032253253813,3.604197788496376
-3.257741888699033,0.1452506406976025,3.2311692722815266
2.6330911428254025,-1.982905363299988,-4.924377379848458
3.085046860442991,-0.6631897026886899,3.501332254006356
2.6854645971379023,-0.49871579417744655,-3.899708180370065
2.8709240835732888,-0.5408483735400672,4.088845501474026
2.683809997186187,-1.1886784862941566,-3.2512443470910237
3.301877733816835,0.7785007808134767,-1.373116719340248
-2.7188282892935423,1.213805087615684,3.027228362042269
2.936084567560544,0.7978822439175711,-3.0145062063818906
3.004102339578959,-0.08714581185493571,-2.681722402251611
2.854415080554123,1.8133369035677676,-3.984747654754742
3.1382875517059077,-0.8869593870081339,-2.715845115300488
-3.1350530943407504,-0.9056868271477974,-2.942499488563078
-3.926938493236773,0.35925799383005785,3.2004889970345745
-2.2931857253545207,0.5427409467105949,2.3539805869906782
-2.3913499334439834,-0.08153430530433282,2.94242181842717
3.016543136598893,1.6552237685814732,-2.8697936789061935
2.9992706117526224,0.34187075267909534,-2.4318198118929732
2.3533960771112366,-0.8372003034429466,2.1305056882392295
-4.145285963963937,-0.8698984125561906,3.2485308864899105
2.915068233518408,-0.9563408913504834,1.483364808814064
3.086974553877052,1.6030357771488468,-2.6142616251158692
-2.7608445650546396,0.8925202931128021,3.004154392824991
3.127647806436094,-2.245124310598552,-2.7988970256558505
-1.1527174929395994,1.976557225859265,2.3364361771767896
2.495223215560184,-0.37802540350104685,-5.460735830292657
2.905882937038682,-1.1352459420853935,-2.4716097900459144
2.8311743950759,0.2128910879714408,-3.153234934062249
2.971189028144447,1.045191552667005,-2.7304166638331338
2.831439856425806,-1.3400576054615274,-2.4178789639221168
3.537619373303145,-0.1326635400234955,4.325737584626093
2.830645389196871,1.9801707893908218,-4.637708467734368
2.9839127664958873,-1.058023447241387,4.0746681074221245
-2.676375650085666,0.8599083626790217,3.3752694347878167
-2.3309540012732075,-0.2536370170593432,3.0878326536444565
3.11568987363334,-0.5990314122354662,-2.240137718004796
3.2404696036248004,-1.6478304147969083,3.918800827576377
-2.3673581895844773,-0.24544859127815505,-2.8830985651044054
3.0670502068922394,-0.22779371269851773,-3.3357217057671416
-3.8183249969010893,-2.069509873357773,3.0512200945082104
2.919083117318674,1.2189478711135406,-4.031474474952491
2.8545859062662706,0.5255126613762374,-3.4382674301835876
-3.9912904654764123,-0.02302842141557598,2.5813719384423184
2.755004198360676,0.5041724514598034,-4.053092580746199
3.1664791705442106,2.0108974319051436,-3.0274882335368205
2.9390186960416873,-1.9841047481692276,-3.47266958329247
-0.5753995188092613,-0.6918454054510766,-4.080773376664754
3.1385829195383463,-0.06975445817983986,-2.2197744711334395
2.8265785370121,-0.25790189993225704,-3.4704374502193804
3.129701057702157,-0.05900096895838463,-2.9676033104117496
-1.8197547433086614,-1.063488895794657,-3.353522774766596
2.9747602644744333,-0.34394196469130917,-2.651318116325334
-4.292357432739527,1.7058427391208655,-2.4657092390416673
3.2890419276648464,1.1435620201191226,-2.017805058885525
2.7335025448573,-0.990914524295616,-4.140430825608169
-2.9571004948856454,1.722007393135162,-2.872069717754811
-3.464334292703665,-0.07067691178015359,-2.824107582223757
2.9768322339182793,0.6738336089165068,-2.8582135947503606
2.893040626465988,0.24752484211228212,-3.8613357667420813
2.9820585912667714,0.9157744615192936,-3.078156121583041
-0.7328592771280182,-0.3757975897130397,2.5378962528503375
2.746171453445689,-2.3867634470982764,-4.186237504310702
2.9252275438456197,1.0473194288808132,-3.3007360699101493
2.8505482612766238,0.8398917245882854,2.866922019641076
-4.084018279586946,-0.33194900212623774,-2.5285395837142253
-2.1572166384470215,0.46610634028326986,-3.2518888198970113
-3.931851076766749,-1.694893410922108,-2.576221823564027
-1.9325287026581253,-0.4299067980401884,-3.4544793688591393
2.7561444446858667,0.5826012111766619,-4.494586524153659
3.208104073571829,0.3484323881369952,-2.1910916418762154
3.2433517138015575,-0.5337798955816075,-2.082568738748478
3.027280891382019,-0.2237118001876525,-2.5409301967707156
3.3158330175034822,0.7004807845136206,-1.5242769198320931
-4.286476429999152,-1.4136146815341586,4.048532162345346
-2.9999187106548715,-1.2043523961639777,-2.883878063884386
2.38304062852959,-1.9339541945795515,1.39229978549548
3.222108545166814,-0.7570909001151948,-2.9458108831499263
-2.594850817486085,1.2036204925336165,-3.1798164140973135
-2.364188091001166,0.052484370567607,2.81562214220825
3.2256405045395393,0.4605191795511778,-1.1793555605781032
3.3238533921337483,0.5802775456823892,-1.1950702235242951
2.9490704524226894,-1.3411333026105605,-3.7029191531912162
3.0068594477352204,0.07294660512653768,2.8880931504160325
2.320629205094043,0.8260413988818244,1.3276155657960247
3.2091326694902325,-0.5120933489021956,-2.98371203570981
-2.9052125306175025,1.0503040176857692,2.6330339994568943
3.1945478812412267,-1.8713196422002774,-2.204989523760381
-2.4179412701143637,2.329443534693863,3.6633246256964753
-2.5742498970675296,-2.9949366666009345,-3.0841974435571666
-2.5687803133665974,-0.0756507280939903,-3.390243082286928
-2.5043122123103663,0.41808194945214777,2.960919967661564
-1.2337818704527304,0.5765057533663827,-3.840836421983081
-3.3249352443650935,0.36702327401149965,-2.714390326342604
-4.131386624739928,-0.728053461819471,3.403177585408016
-4.372257897317624,-0.10258262893351404,3.5628199526209254
3.4492417982138686,-0.01062258794372008,-1.3057182153008888
3.0157147651083145,-0.8751195282843579,-3.041533122050134
3.414013671017925,0.5165350118818436,-2.354869713075449
3.119465222324007,-0.6011895740266752,-2.2648746773470543
3.3655866288171588,0.713588549673977,-0.5286176295159195
2.821817637683839,1.6462268706307626,3.4303258445515925
3.13577902510491,-0.5508755350266177,-2.6729759502147536
2.8194222475593462,1.1162055404851263,-3.978579870533471
2.824652692935702,-1.248705331150605,-2.9293348728082056
2.854924654533408,-0.6287857580699558,-3.5288136750821963
-2.5091780998655997,-1.014907225062144,-3.1755556509651854
3.146592889492824,-1.1690850295409638,-3.0397594166789617
2.7159995198630296,0.13472209903977775,-4.379784004803308
3.4957992093078962,-0.1384268791226657,4.536715156625366
3.390796085990306,-0.8450388483041552,-1.626276394174941
-2.570697425200694,-1.015692204765579,3.429916290576841
3.348650496359855,-1.029630773388054,-2.548350593763471
3.047898261777891,1.2130831156438042,-2.699326339032735
-4.383157092831674,-1.2689903207791717,-2.4408175317154583
-1.3562889222909882,0.22682937336263134,-3.870749783545077
2.8933937758465147,0.19278915203658692,-4.284890187044472
-1.9006851187801796,-1.3877688116467612,-3.5559723362700835
-2.282771437702989,0.376208655075704,2.4355176792580067
-4.193747894715851,-0.5192132973579664,-2.6798294345833553
3.2072742551989037,0.6391659932622187,-1.3310855982555123
2.7946925295817855,0.1241503513267532,-3.18111421377211
-3.6283340236265915,-0.6745553220262205,2.970652085236576
-1.7064249583972997,-0.742828572358766,-3.6198689534064536
-2.1444410526740807,1.2694295741247243,2.9276189826102734
3.327095892364501,-0.22621140751062171,-0.7800413878180055
2.3968125914166922,-0.09434742813391096,2.7324914532366966
2.8388681168985546,-0.09967328589451711,-3.734768535770097
-4.295259638540264,-2.0638739116130385,-2.5897589657795246
2.8901727765150875,0.13897368644439406,-2.4459657077678854
3.1603402571801533,0.4834399875825851,-2.290271865781583
2.5180379767465073,1.268241232486993,-4.873873819619152
3.1673925821327975,-0.9015353392709751,-1.5345323350754942
3.0957626561920897,0.8512799805728407,-2.2254411494894697
3.833351066712114,1.0728772094107737,3.7463884074360667
3.5712315813720616,1.1049863598936833,2.106148731085378
2.835275256924705,-1.3892766948168644,-4.182657610892465
2.475063392979127,-0.010556583659281957,-3.7510407598013487
2.697867270694516,1.224818207838919,-4.4037731241347124
3.448509034617155,-0.6168661060547741,-0.6476518791976855
3.408958096286179,0.07552908701642948,-1.0363785656126723
3.1409285789403585,-2.6728802248381824,-1.3258394938392952
-3.533573317075469,-0.7141547832804345,-2.432484289015844
-2.3339295034451073,-1.3456811141905243,-3.126205621573263
-2.991333488145227,-0.06581219880315173,2.486623998289637
-2.6664301295494925,0.024334367860706425,-3.407973528193535
-3.878318011614763,0.05032785130119851,3.4786669241804837
2.9181777956548736,-0.42153643213080033,-4.182496598485243
2.643296084458234,-0.3230283580858636,3.7327843224345925
-2.9693850652702682,0.05796945279109578,3.2851352278549153
3.242415488887937,0.21803832184071315,-1.5104376028507498
-3.202520063525097,1.5464381152055886,-2.8710671537284687
2.9657071270724478,0.1680227145198389,-3.154634199920888
3.008060988563946,-0.17957143935264624,-3.7987724196496506
-2.8265930511976998,-0.7599205983744243,2.51598474066344
3.055254943393317,-0.5720682765794434,-2.375629805196665
-2.8702158185614324,-1.033998703186813,-2.894725552184174
3.584558528077932,0.6725131729487083,-1.3491745295035047
3.0105297718574837,1.630718431836326,2.2906016054477853
-3.305648845283432,0.09636275806025606,-2.9576819098916816
3.3192448742997347,1.2869316130934336,-1.9912677632860822
3.506790340891144,0.3070515395675474,-1.2131657758913774
-3.9537752971688533,0.6493762823285802,3.3804965423839226
3.4376520326450795,0.6518756054135081,-1.8870545784467576
-1.4481769579862418,1.092613230028672,-3.756014400315024
-2.6785288314323075,1.0464831575787448,-3.319157368202764
2.9721066284415034,0.3921633117983775,3.803509895939694
-2.4776357816965184,0.9965205642374584,-2.8654033426897163
3.294414801568459,-0.3904267883801302,2.028765632908595
3.0783922249443734,-0.8135768085498316,-2.9957054488027857
2.9087858761095036,-0.4203391166539432,-2.657523867702151
-2.9729802051751975,-0.5750490766255942,3.6848973592529637
-3.2306487906392793,0.6516622906601617,2.646039204116242
3.082340052703128,-0.5434315392961455,-1.8788561189921948
-3.7007686268158277,-0.282893548763148,-2.773839074519671
3.026885213416417,-0.13319007962136653,-3.9515771080548774
2.636327585261688,-2.0378133774752674,-5.125361004339462
-1.2816369387486404,0.13329396662192702,-3.713560238387018
-3.0990566735623624,-0.5965853623273214,2.9587992016343154
3.3720641844347963,-2.14776568095022,-1.2341173818311753
2.73507185728098,-1.9076410262237378,-3.9333869355259807
-3.322626134838387,-0.9227552032162016,2.6472496051803094
3.1059338212659116,0.04563316502392826,-2.7719347520474167
2.232498575591331,1.0701939967366274,2.3999954038598683
-2.7623132837407622,0.8377214909451234,3.100914109108681
-3.478673706021616,-0.11140224850589424,-2.518517635830897
2.868289337860547,-1.1923835860666374,-3.2772726184416547
2.956904438936855,-0.04761798660977056,-3.694821693849871
-2.5321132355412064,-0.7939820883495226,2.6844335288484107
-1.833111493043107,-1.1188930162895712,-3.5172756565945753
-3.6881710363152584,-1.5157539636298947,-2.647887635045764
3.373838495232547,0.31136945637368746,-1.1066294931843588
2.8277737015358815,-0.7583170314141633,3.7503440842406537
2.943804750818045,0.09252790233937122,-2.434246668577475
-2.252683990526466,-1.1154957732575939,-3.240699167484856
-2.931556881850746,1.0977316815365465,2.754791477246026
3.175931508850871,0.7607516957278202,-1.619509993649854
3.230953160081286,-0.5179038538509062,-2.3614446563678113
2.821570875948288,0.9359546751798653,2.108108188933299
3.230739762798129,1.0472898175048846,-2.421445954338145
3.0610473451195253,0.4570771929729574,3.2988206036661456
2.933978658793348,-0.11871384192244173,4.105551582964689
2.732685220699766,2.6646777336929985,1.7749134843656158
2.9300044803889542,1.282779533667583,-3.391914933550894
-4.22592271294663,0.4759304788614429,-2.6474983958770784
3.355057954777826,0.6829371402974095,-1.114824634713772
-2.8145216129679946,0.7912404622803173,-2.938786483239175
-3.8130844841522222,0.1101688232518651,-2.8692463964626604
3.4948164520903537,-0.2963982599516541,4.307368769347551
3.358915491579393,-2.2442316367710737,1.9396663816753463
-3.9908972263790785,1.4993421821404342,3.8510659907558624
3.028551869141106,0.39752963316155004,-2.891974329178175
-3.3965455751902347,0.1268462272140004,3.2169183722562056
3.1303965356523307,-1.0194396051893149,-2.2476330369658024
-3.703067219530867,-0.6124682648276846,-2.3221977743891453
3.176647520791179,-0.1461033294418812,-2.2290605024671075
3.543702072377782,-0.718741785986526,-0.3426628791365305
3.1947101769050614,-0.2980972466133539,-3.263903351801689
2.742489350647379,-0.21033988724223354,-4.047726573613112
2.9714232084781167,-1.0010985727968318,-3.4123755365724713
3.10191122912368,-0.9167692007894779,-2.531248084896394
3.403214074257299,1.2966164278693617,-1.8383492814640963
-2.198890351004629,2.3417469510520306,2.9877680677852565
-3.072995118122997,-0.52855788291328,-2.8923005081923017
3.205166910942301,0.8401207734195659,-3.7769060534725765
-4.6015714213665495,-0.533643087738157,-2.455975140253412
2.770230060256344,1.4446621417439505,-3.378919214900224
2.997559218866565,0.14676961586001883,-4.2886356156726
-3.406101873325076,0.6178966048622812,2.991368778919256
3.1975722038173995,0.43386721247844334,-2.366218047045309
-2.1747811243179176,0.40092873385851363,2.804424805515394
2.928806237937393,0.5551322072342888,2.1273354675341682
2.905728824515023,-0.1847467990614705,2.530987889860615
2.9148214248139546,1.6461993310467704,-3.4327627046424265
-3.2525133770904495,-1.5020747239076242,-2.719582921574032
